train/globe thistle/image_07122.jpg,0.00039410813852214265,130.9387326306584,0.980024870620204,3277.5163356056573,0.29231968922244966,240.2122517003812,12979.126609791969,8.739606276960675,12.402239895747758,0.0004023398499265897,3.9543190888943385,-0.39994085646035704,0.9988806701659532
train/globe thistle/image_08097.jpg,0.0008515997602832957,123.25099595761486,0.9740011584004229,2370.2397862404746,0.41290992118839404,210.1083491931638,9357.708149004275,8.510682393799517,11.74946129322806,0.0005693427593637522,3.6752190453627795,-0.4398332976784667,0.9992649272384377
train/globe thistle/image_07086.jpg,0.0009550114254554844,114.78630521349776,0.9792978663394336,2772.368066988048,0.45046540185195433,228.80137177629223,10974.685962738704,8.453605048538304,11.56516586416681,0.0006780006817764204,3.5053417630069443,-0.45284555168566615,0.9993739549382682
train/globe thistle/image_08095.jpg,0.0008635936408674139,457.1793153313887,0.9504748970970912,4615.178536361772,0.3104148886206983,174.30070277681378,18003.534830115692,8.58761904087139,12.431981396503698,0.00037982708909156963,4.417141945065921,-0.3632153344024344,0.9978152574704306
train/globe thistle/image_07115.jpg,0.0020252256785411498,249.18072958542325,0.9333466701704292,1869.0476518494756,0.5003309035427127,145.99274587853063,7227.0098778124875,8.175281906979265,11.228903946996823,0.0007594436890033578,3.6598988790862497,-0.4479681717938545,0.9991701317387833
train/globe thistle/image_07091.jpg,0.0003863926446436067,413.5298364228674,0.9107092363743297,2315.522010077059,0.2598965507834625,241.20272953949308,8848.558203885335,8.56744800851433,12.991084850907615,0.000284714231698216,4.731146515087307,-0.28941300734769054,0.9933506294806963
train/globe thistle/image_08093.jpg,0.0008824030079512832,180.68301232457887,0.9681108073790784,2832.503294589058,0.3519611024950627,166.68843091600104,11149.330166031654,8.504483923388213,12.029063015958855,0.0004538668021298653,3.9760365558377018,-0.39889103440817686,0.9986307461336541
train/globe thistle/image_07112.jpg,0.0002868097588007237,771.574215672486,0.8675889880088774,2913.3643928224124,0.20458765399958037,220.3201482120209,10881.883355617187,8.62130440622198,13.46382960704451,0.0001957581883398908,5.22636096911398,-0.2421934334527266,0.9865933809464112
train/globe thistle/image_07096.jpg,0.0010393483549779982,87.47043373987506,0.9690405345959654,1412.6384841321192,0.42861749439893515,241.30460463304817,5563.0835027886205,8.216059666496943,11.320404739236347,0.000633823907974229,3.4619574345471458,-0.43622538195403426,0.9989792012123009
train/globe thistle/image_07097.jpg,0.00035054508024718624,210.94416659101753,0.9652524270383176,3035.504813495185,0.25220395760359077,262.3000716022715,11931.075087389716,8.716981898655726,12.685495742592485,0.00034034973348367266,4.229362036353658,-0.35929123235081895,0.9978623489007197
train/globe thistle/image_07099.jpg,0.0015385440271742672,91.15682696619521,0.9795244808035164,2225.667826667378,0.45066160614883083,169.55726822253447,8811.514479703317,8.306835935055473,11.142815013032358,0.0006800105054033654,3.3710174706746088,-0.4778297211763574,0.9994923042280808
train/globe thistle/image_07100.jpg,0.0006397310451357162,107.89979644259162,0.977384926696595,2385.57408208238,0.3042929214907486,253.59390501176895,9434.39653188694,8.457794796085983,12.111775195053486,0.0003974917169449817,3.974640491797969,-0.37760789892502294,0.9980220816038824
train/globe thistle/image_07118.jpg,0.0005257917142048309,203.75621480075387,0.9489573077017918,1995.7167386805154,0.2970923451027225,253.4936576632066,7779.11073992132,8.47107788578355,12.344494368649105,0.00037844889632862713,4.195633815190613,-0.3513777209165176,0.9971473812120003
train/globe thistle/image_07108.jpg,0.0004663682452908065,109.2117458756943,0.9736667931269877,2073.680506056533,0.28338327977243566,212.87732849369482,8185.510278350404,8.451426160597844,12.155521039791328,0.00038959423294519975,3.965360500050809,-0.37076544917911075,0.9978047101549666
train/globe thistle/image_07106.jpg,0.0012263938596666947,164.4742582093293,0.9665211137106976,2456.0853119477524,0.3920336027562522,152.19890207203952,9659.866989581675,8.182870270849852,11.29384105959075,0.0006282099210835924,3.551432914160918,-0.4292529866470924,0.998855706780815
train/globe thistle/image_07093.jpg,0.0006127424008043852,418.7399597921399,0.9303296332493037,3004.772825266244,0.3143924469966242,203.42058717493998,11600.351341272848,8.572550898365275,12.61275516026323,0.00037448642365236725,4.477603877874433,-0.3403184548389284,0.9969180080547624
train/globe thistle/image_07121.jpg,0.0006070002854933948,142.84263565901387,0.9554543774466686,1603.2015225068099,0.3228735529081403,205.84925800097227,6269.963454368219,8.311837075870212,11.868409073041965,0.00048165614518515585,3.8067546940817976,-0.38059419454692667,0.997911266402031
train/globe thistle/image_08090.jpg,0.0009330753496310047,174.9461705525539,0.9461510129139921,1624.259477475194,0.37901109487720785,163.7331151683223,6322.091739348223,8.196933819467432,11.414546141748026,0.0005521616006679952,3.65713770986368,-0.41682773522809796,0.9986388749459818
train/globe thistle/image_08091.jpg,0.00048439868370241216,202.17206358967326,0.9668995624671414,3053.4462864206785,0.3222179537160915,237.2427654607112,12011.61308209304,8.711314071934607,12.370388614904034,0.0004275145410848831,3.9978569149660186,-0.3978742886580697,0.9988163268485248
train/globe thistle/image_07103.jpg,0.0020645114056941183,61.37754481372922,0.969196026406383,996.1080960557902,0.4935464674828679,185.83330858933573,3923.0548394094367,7.885101200991555,10.56844409081204,0.0007954925353983386,3.1448505619367264,-0.4708861017751122,0.9991710098961936
train/globe thistle/image_07110.jpg,0.0003150077330917202,616.1236221763756,0.8737280598118541,2439.534946800688,0.19311855495703859,208.07789694572386,9142.016165026396,8.516478996438781,13.078814250452087,0.0002464885187189456,4.85777742580254,-0.2668612945897192,0.9903874892991994
train/globe thistle/image_07113.jpg,0.0004825308366765012,157.03292953515285,0.9858375117070429,5543.680467487024,0.2859426705472706,226.57782721019765,22017.688940412954,8.796895470172105,12.458156347349952,0.0003982613914714904,4.072757164703326,-0.40360201675018337,0.9989940706861262
train/globe thistle/image_07114.jpg,0.00041062493177324705,100.82916366996825,0.9793743032078095,2444.0630371775837,0.2894936941445739,240.3555459010971,9675.422985040363,8.606016638052857,12.29396320873607,0.00039605014239435553,3.9582508706238633,-0.38522137023692166,0.9984135930436165
train/globe thistle/image_07105.jpg,0.0007235063252889712,190.3457403916989,0.960162792015805,2388.7508432943573,0.33968409860340537,199.03747678305774,9364.657632785735,8.437008769679817,11.980253033872247,0.00048448634478805283,3.9285907936572206,-0.3924665833865111,0.9984173912661211
train/globe thistle/image_07087.jpg,0.0013493799239655707,93.93697106216968,0.9791576122506632,2253.0590224085295,0.4133628653055732,204.72571336275752,8918.299118571951,8.38066210679137,11.621826279848491,0.0005347561370764609,3.7555810646539074,-0.4317972681758593,0.9990821725846994
train/globe thistle/image_08096.jpg,0.00044049551126774196,335.6220577776221,0.9187826922339248,2065.9643949943593,0.22377059054326257,171.0028802275936,7928.235522199813,8.25675348429289,12.336249195504411,0.0003126796156708396,4.363158637931857,-0.3056902252923625,0.9936397177283759
train/globe thistle/image_08094.jpg,0.0007987869866755395,157.40958097045112,0.9784944969873048,3659.550583143097,0.36152221588957034,215.5566005974563,14480.792751601946,8.67471857507207,12.175643189239446,0.0004415046003418717,3.992144616879403,-0.418332082121385,0.9991185044334712
train/globe thistle/image_07120.jpg,0.000989176593163042,276.9398318576296,0.9425757784378879,2411.099137714468,0.37842306181033397,247.15041714963047,9367.456719000234,8.514677929982621,12.110756100747865,0.00048012814002615,4.06353796911952,-0.39449913357275096,0.9985722543816471
train/globe thistle/image_07095.jpg,0.000649496221213838,224.05054704383835,0.9467763369565694,2104.8091750381573,0.3310990125822822,222.38743423319988,8195.18615310878,8.4677928093055,12.088816462282887,0.0004455595301649704,4.010054238617251,-0.38486861542355194,0.9982664952115073
train/globe thistle/image_07088.jpg,0.0024115335319996583,167.0540498013621,0.9365686487870748,1316.5918507669005,0.43166499677216524,175.45399421218278,5099.313353266245,7.89953511969062,11.155575577243477,0.000599191720651533,3.795598709558369,-0.38929162702545383,0.997488364320311
train/globe thistle/image_07109.jpg,0.00048399812755213186,189.14336478168917,0.959681987373761,2345.6244355044155,0.29044780493011857,215.15348016349262,9193.354377235995,8.508920493580325,12.36162550707991,0.00037628319293065023,4.195768201360298,-0.357707561212733,0.9974805541317258
train/globe thistle/image_07089.jpg,0.0007555845224086688,95.67823630413777,0.9695805505722457,1572.565344355301,0.35775675501456705,233.991684957372,6194.583141117082,8.273205920470044,11.640393428478381,0.0005666319185985727,3.7025683538441214,-0.40320398050819073,0.9984405387583851
train/globe thistle/image_08092.jpg,0.00022952599877234554,227.79590132495576,0.9662231909641772,3371.848018430653,0.17101345215566988,243.93774252656124,13259.596172397674,8.635619644715709,13.030528002376236,0.0002308087954818098,4.598092995554935,-0.2950466097908182,0.9940435879684468
train/globe thistle/image_07119.jpg,0.0003762898270370317,155.35379266271087,0.9593594399585025,1911.2955776032181,0.25463471549315053,254.05751226709083,7489.828517750171,8.44493353588563,12.399457295849682,0.000350987699661372,4.166824180097398,-0.33817750405881813,0.996478590378245
train/globe thistle/image_07111.jpg,0.0003190865161253324,314.08413393748947,0.9631338217806932,4259.3210234300805,0.2519774456484887,206.69461451271368,16723.19995978285,8.818048808113275,12.976010459349208,0.00029633639699463,4.528070788990952,-0.3418021454807118,0.9973794542685203
train/globe thistle/image_07116.jpg,0.0033788872704539545,119.15295522392357,0.9719730303805294,2125.407232092941,0.5571146254408543,206.76686636726959,8382.475973147839,8.099665444894182,10.548113725125386,0.0009511659788467281,3.117928267913797,-0.5262076184889908,0.999700763115212
train/globe thistle/image_07092.jpg,0.0016104456320399426,170.16188155862687,0.9763228957706787,3592.8523987443937,0.46960885502135047,165.0997208484727,14201.247713418928,8.498893138761824,11.442542141680352,0.0006789259941984344,3.643490004094801,-0.4816750092817332,0.9996127654043028
train/globe thistle/image_07098.jpg,0.0008913304736526073,122.09366803075702,0.9707183237747077,2084.5528830735007,0.3805287890474093,171.88116158046248,8216.11786426324,8.404327727959854,11.745842304766647,0.0005826523778794315,3.8061735307547817,-0.4164663943206819,0.9988596545215289
train/bird of paradise/image_03308.jpg,0.0005019661503774126,76.59054427779661,0.9825912509303566,2199.759446428016,0.312437437455787,197.8831286891963,8722.447241434276,8.463355921604762,11.927226742077103,0.00045918353841274386,3.7123209788847737,-0.40354718369428266,0.9986227363327685
train/bird of paradise/image_03344.jpg,0.0008620765134688348,153.4999857904887,0.9728210275780512,2823.975512980328,0.27418213427725796,112.03833583365336,11142.402066130824,8.038620363106798,11.759360384418189,0.0003720884278489302,4.083822842959018,-0.33141841159870794,0.9947991152789322
train/bird of paradise/image_03354.jpg,0.0003275486948136738,289.42028827660886,0.9579612458836951,3441.9743225031193,0.24818328327746042,187.49026331795483,13478.47700173586,8.68193271276698,12.776000597385663,0.0003212017507323406,4.347258328915968,-0.3400792624557981,0.9969689427954667
train/bird of paradise/image_03285.jpg,0.0035375582307413866,95.98153840408148,0.9819820528892923,2663.1768153984303,0.5469622205270449,154.3739489444422,10556.725723189647,8.162579756752702,10.465565182777675,0.0009080393417673435,2.9234927787487095,-0.5540217763620491,0.9998183835976052
train/bird of paradise/image_03309.jpg,0.0002362515898715183,208.90069604112097,0.9729448358502563,3860.5905659921423,0.20470077889079236,210.70017038082585,15233.46156792744,8.826184688164105,13.101025369895465,0.00025627218948543623,4.51524965945017,-0.3280493061796001,0.9965668755907973
train/bird of paradise/image_03352.jpg,0.0003707637043351767,328.1813997229965,0.9557390697059542,3706.9774894556062,0.19562932007270833,153.4665088166359,14499.728558099434,8.593532904382792,13.029748818260515,0.0002308718840918808,4.732426832223389,-0.2852779528328284,0.9926945798575818
train/bird of paradise/image_03311.jpg,0.02811322664585922,61.2264939565367,0.9843818916603092,1959.7986459188442,0.5085863548932582,102.74244306713852,7777.968089718836,7.294614596082136,9.68997464838524,0.0009558545180946422,3.0318303055948115,-0.4938413728009302,0.998941838802869
train/bird of paradise/image_03310.jpg,0.0003211507054298974,216.99208683707155,0.9465849200071255,2031.125645215765,0.20292031551532885,181.3409761761732,7907.510494025995,8.351332271925912,12.692296200885732,0.000265418816450568,4.496173295341472,-0.27977299623655866,0.9908528694217653
train/bird of paradise/image_03332.jpg,0.00029650748541012236,454.1488832056639,0.9392989654725079,3740.752464220396,0.1593833557335903,283.2511547518715,14508.860973675877,8.81792174119754,13.518229555336546,0.00018656166843563398,4.938998812131793,-0.27541169182572245,0.9926257967758091
train/bird of paradise/image_03303.jpg,0.0006937231660284063,448.9129126902659,0.9446499066929139,4054.9849746767113,0.21213991813993138,124.61810717002662,15771.026986016586,8.187304616082661,12.590777943417558,0.00023056581796946114,4.834445127884019,-0.2513167791461599,0.9855294261724633
train/bird of paradise/image_03293.jpg,0.014348581194769013,23.943698918108275,0.9896665603252812,1158.4348549469303,0.5617395788806788,70.59930122243097,4609.795720869614,7.164228927299602,9.245237305465729,0.0013376281498871274,2.6588637531826036,-0.5263775461091637,0.9991688181937799
train/bird of paradise/image_03338.jpg,0.01498311828779895,91.54985540277644,0.9878606543927367,3770.1159228989427,0.5525010778762418,92.29806139131153,14988.913836192998,7.303747388166798,9.600941072474585,0.0009125546033926892,3.0517958442301483,-0.49856825423936235,0.9990314580938428
train/bird of paradise/image_03353.jpg,0.0213927764916021,113.09696674267985,0.9849839676766032,3765.153378080945,0.6334445978634259,90.25401960012249,14947.5165455811,7.323658740947847,9.061833424541934,0.0012080291858817679,2.4530190693981737,-0.597905471913421,0.999751683227595
train/bird of paradise/image_03294.jpg,0.0003660382502635052,813.512647560191,0.9071840508470669,4382.985217293355,0.1462990100576198,166.98211844979954,16718.42822161321,8.540540059987817,13.592900526333526,0.00014256447805167287,5.399228879569012,-0.20706883216832495,0.9765884001170916
train/bird of paradise/image_03337.jpg,0.0009148533568265558,161.50693407930305,0.9806277661229731,4168.156563469978,0.3317446443214814,162.44471998610823,16511.119319800622,8.502355816161362,11.855073395915438,0.000449267765287967,3.821918901925123,-0.42225354158384215,0.9989962208662444
train/bird of paradise/image_03361.jpg,0.001204791175516156,42.557937994033736,0.9926565314953,2897.3464062640123,0.5443368069713795,274.92626454122217,11546.82768706201,8.578589317472874,10.741006507932699,0.0010006415137304768,2.592125474355673,-0.5858584029966256,0.9999231719008075
train/bird of paradise/image_03324.jpg,0.0022738142245016498,30.70373399093191,0.9890645049711998,1403.7287886127122,0.5481016746558252,150.2758246621751,5584.211420459909,7.958239765648242,10.17415905819358,0.0009841343162997243,2.649621570635594,-0.5426915900284566,0.999697036558337
train/bird of paradise/image_03287.jpg,0.04783549384104213,77.40827640550889,0.9939961327691709,6446.729933380537,0.5882242896694923,317.0929033608502,25709.511457116623,7.3066191060801415,9.422295679158623,0.0010372853037283979,2.8455402031503407,-0.5547648024787427,0.9995907156812807
train/bird of paradise/image_03304.jpg,0.0016155644949395302,37.09078244983247,0.9844643631335649,1193.8299049900882,0.4176430428994402,113.21049039115024,4738.228837510518,7.8581916742233275,10.716649292070464,0.000814815286398854,3.21210713157502,-0.4398422631979231,0.9986848986737737
train/bird of paradise/image_03341.jpg,0.0003992328769936648,158.54123548907532,0.9725915129178037,2892.155264500432,0.2946836811524993,206.27262686375815,11410.079822512678,8.643418106860466,12.328682884648558,0.00039852585691939216,3.96179597211235,-0.38981312530269796,0.998569885752048
train/bird of paradise/image_03365.jpg,0.0009542625422574157,91.70986070591056,0.975101755427249,1841.9507234975424,0.38797575125180894,136.12087780140428,7276.093033284249,8.233481349662918,11.229274036425755,0.0006143675519334098,3.3462938851437816,-0.45009866498844736,0.9991275133263308
train/bird of paradise/image_03329.jpg,0.00041198491281341964,126.46947810257544,0.9649598155544419,1804.7098197576684,0.2243430811172033,235.95146514784346,7092.369800928087,8.342407702095361,12.394502847868296,0.0002826418804010191,4.284402795960963,-0.31462797964518774,0.9944184681406463
train/bird of paradise/image_03289.jpg,0.007986979266770108,179.6163892458697,0.9860937124222315,6458.149712960145,0.3519839328971157,185.2617904401955,25652.982462594708,7.831792001458199,11.204889661637282,0.00039865402092682133,4.227941258136929,-0.3810170022274364,0.9971918314376885
train/bird of paradise/image_03355.jpg,0.00034958578732839315,102.11168672225847,0.9736038579172862,1934.1220589669156,0.24841374972129515,185.19676534571283,7634.376549145416,8.41784640086166,12.279166633387252,0.00034384814151828993,4.046496944063737,-0.3471191630901654,0.9967244651055436
train/bird of paradise/image_03325.jpg,0.001004941014165372,225.589436364438,0.9572466551109657,2638.240525989301,0.34599539566423876,254.65801315559798,10327.372667592786,8.382105830529259,12.011509533602986,0.00046137905868323117,3.9936701879234713,-0.37932950675086224,0.9979884304255802
train/bird of paradise/image_03318.jpg,0.0006657968503847463,73.56903854465078,0.972438272739294,1334.5963085343337,0.33244469920151465,266.33632050868187,5264.816195592688,8.148328059970028,11.408453279850146,0.0005375524107782998,3.464597615035052,-0.4068185207266558,0.9983484061413608
train/bird of paradise/image_03296.jpg,0.00034644296725085556,135.791162911047,0.9738230086252495,2593.548921383126,0.2297018448503432,146.68912429086035,10238.404522621466,8.480966545453635,12.473165545547456,0.00030924976305819074,4.216270039138386,-0.33469612245071423,0.9962471553091073
train/bird of paradise/image_03321.jpg,0.0067156974329793395,261.5260416408908,0.9647740324985669,3711.69699420627,0.3457658737993189,119.20394379400514,14585.26193518419,8.012294809218682,11.413742909487421,0.00044074253406067995,3.944487249726029,-0.3867217963704054,0.9976843039119377
train/bird of paradise/image_03286.jpg,0.005910374077905728,98.85751533130019,0.9805802202429954,2544.7491598246825,0.5453991811796902,106.3957433377945,10080.139123967427,7.558650288408393,9.87543578539861,0.0009042116077773577,3.0309868794414716,-0.511524398589731,0.9993932933038927
train/bird of paradise/image_03297.jpg,0.0005720159213986327,95.62498186973092,0.9806338305516004,2468.8269599045116,0.2983448682793544,160.15880224982675,9779.682857748301,8.415790207157862,11.750826197561617,0.0004786738948336745,3.60167825574616,-0.4166007843054853,0.9988543586363743
train/bird of paradise/image_03336.jpg,0.00037946128347665544,156.59084779124353,0.9461850943693981,1454.8791132832446,0.19784767299891703,128.2788511338861,5662.9256053417375,8.104865745197817,12.246107344809849,0.00027106766927977705,4.343182505571819,-0.280779432437894,0.9898546712276853
train/bird of paradise/image_03339.jpg,0.0014381392950182257,66.20720704871283,0.9845160919286342,2138.0050421680044,0.4727526239598121,175.81937696418478,8485.812961623295,8.260054007845696,10.890419352230172,0.0007563757402385204,3.0729639353744833,-0.503732171204171,0.9996227193338126
train/bird of paradise/image_03363.jpg,0.001130400319707861,76.22364546850118,0.9890240879823566,3472.516253655228,0.3571048497762815,211.7167622462875,13813.841369152393,8.467139032953531,11.626022864788549,0.0005155876167373986,3.5507407429895883,-0.44822747882882974,0.9993106730287691
train/bird of paradise/image_03362.jpg,0.0004361083909207098,126.19638640210347,0.9732904522784973,2362.300482253251,0.2979541719302177,209.51563718862377,9323.005542610887,8.523003374388024,12.126400306542077,0.00042645211700766296,3.843916319650032,-0.39026096242675196,0.9984332607166939
train/bird of paradise/image_03328.jpg,0.0012595563425106062,70.5339834082767,0.9896567683139739,3409.5603546865846,0.47519387579290706,172.04797441145047,13567.707435338078,8.633858829047606,11.15709487928923,0.0008054202611157408,2.9190339561273126,-0.5434305288905595,0.9998625851315613
train/bird of paradise/image_03348.jpg,0.0005850488084965737,75.97815426858868,0.9760953516876506,1589.3097053490328,0.29823183121215807,237.6446048814316,6281.260667127528,8.323513207116767,11.702352366034892,0.00047695874096749,3.5731114798335435,-0.4041841783261444,0.998479746070452
train/bird of paradise/image_03312.jpg,0.0004391179662085618,101.15609732854139,0.9747967177412569,2006.7705202560737,0.2614313622450922,203.68332479369997,7925.925983695757,8.41240629373007,12.191172637142285,0.0003791168588281804,3.961391691778702,-0.3576767070929386,0.9969642172703671
train/bird of paradise/image_03331.jpg,0.0002720501122151324,175.2066008154276,0.9686633879549602,2795.639330285754,0.23439199148958692,247.2907110292956,11007.350720327602,8.649524100903296,12.666831642528198,0.00032192382291913637,4.21364746634481,-0.3476321244348388,0.9973157549335265
train/bird of paradise/image_03315.jpg,0.0005287379490620065,95.79695667719545,0.9800912642340626,2405.676964318871,0.332305204594522,182.0489923671445,9526.91090059828,8.521383194913579,11.870641131539166,0.00048819378852667147,3.6136527977744612,-0.4238863922494348,0.9990567545068786
train/bird of paradise/image_03334.jpg,0.0005659800325887269,82.97710762719746,0.9819425620968278,2298.6763812734225,0.31477686894925166,168.46866599260437,9111.72841746646,8.435792528812048,11.846099520696955,0.00046204984647239686,3.672309814442032,-0.40890892978028115,0.9985701643918896
train/bird of paradise/image_03305.jpg,0.006043371537729027,47.816442101079225,0.9838369339410482,1478.9517477861018,0.6417622462255869,122.83506170921515,5867.99054904333,7.423875221864886,9.258608247077056,0.0013439591095497836,2.512220120035837,-0.5768363148402701,0.9996961522790271
train/bird of paradise/image_03316.jpg,0.00022569343145793818,213.39517243893692,0.9689097923348913,3431.6756302403323,0.20422923862862258,203.28936178591235,13513.307348522392,8.7115986404873,13.01788732966177,0.0002587807391053657,4.522867366718943,-0.3141413665406669,0.9952024400001138
train/bird of paradise/image_03327.jpg,0.003865987967241932,134.96912510675378,0.9859279512671066,4795.192568160923,0.30559913016219437,173.33114691609313,19045.801147536942,8.46639361918654,12.006409591689785,0.0003895310475117878,3.9783224725637774,-0.400909896695258,0.9985730861834461
train/bird of paradise/image_03345.jpg,0.0009978779718990598,52.444040521526716,0.9841692242255865,1656.332884397719,0.3981026734361793,169.07688517504698,6572.887497069346,8.20032194398589,11.118688509178845,0.0006362072311491834,3.2194974173504365,-0.4577743671580584,0.9992146061445195
train/bird of paradise/image_03322.jpg,0.0005743581350088974,126.99896527682023,0.9793248933902685,3071.1279737413915,0.3210946321333911,162.68620878796136,12157.512929688752,8.547113722522196,12.020108213596323,0.00046238810719537843,3.784965655665319,-0.4091711618587076,0.998769128325018
train/bird of paradise/image_03358.jpg,0.0023462392848241026,53.77223047571525,0.9898438444012908,2647.210094436131,0.3793244288343949,112.92513944596601,10535.068147268796,8.124441756098172,11.075352240171323,0.0005722286300232771,3.3627275861799037,-0.4514386034923169,0.9991022875957964
train/bird of paradise/image_03290.jpg,0.0002786165850683923,144.47150206242492,0.9799393101852916,3600.8008511830185,0.2387532931106427,221.12738503888067,14258.731902669635,8.762509361304172,12.726494192928843,0.000319346061487298,4.1947202416659195,-0.36196564999819136,0.997841529530103
train/bird of paradise/image_03300.jpg,0.02197956407396619,81.97470915376893,0.9863683947318277,3006.60051917862,0.4433693938202051,117.3772700062693,11944.427367560718,7.7113580398498645,10.494175030004893,0.0006291645061136723,3.382102153958015,-0.46559998499252897,0.9990449914843951
train/bird of paradise/image_03343.jpg,0.0009398394874102048,85.29725614468816,0.9788661599595194,2017.8910077970063,0.3885232575229371,140.45765630326076,7986.266775043335,8.323957760779319,11.347927443677612,0.0005791024637741243,3.4048302655170035,-0.4540888811186961,0.9992846324870229
train/bird of paradise/image_03356.jpg,0.0004736950082115173,164.6347551439012,0.9634760376029241,2253.7244912672013,0.2853264386874407,184.8237494193537,8850.263209924902,8.421836362748428,12.123413930852026,0.0004060146496713504,3.9644984039641504,-0.3690994065981826,0.9975788951251603
train/bird of paradise/image_03367.jpg,0.0036023388701862486,124.5858415492443,0.9832185492989862,3711.492389806637,0.40414452754921454,118.45500565228362,14721.383717677301,7.828972948508585,10.937842457352241,0.0005545349244157854,3.6065518691047043,-0.406998981059699,0.9979266565293987
train/bird of paradise/image_03350.jpg,0.08079629411268927,179.06462513894076,0.9650546771707291,2561.540923403297,0.6574502821765471,80.9007391854795,10067.099068474248,5.568835619799292,7.465333199205977,0.001395397358890256,2.769930849695135,-0.49338953457991686,0.9960082550201265
train/bird of paradise/image_03307.jpg,0.00041594888982118535,149.13042246799773,0.972042669979986,2667.2949780078357,0.22044195265793623,224.00255255819292,10520.049489563338,8.589877275368115,12.674276364799743,0.0002871220398202772,4.30249368803263,-0.33399697954528407,0.9965200888175081
train/bird of paradise/image_03323.jpg,0.0006431066146861694,86.34110799987371,0.9800167801803994,2160.259080646767,0.3654265853545705,196.8904129529739,8554.695214587196,8.439006668749915,11.636690003721036,0.0005544745004453853,3.4898695922890415,-0.4378214002364167,0.9991134681055662
train/bird of paradise/image_03346.jpg,0.002158378069683726,27.83077288298773,0.9836870132242846,852.8918724862631,0.42017200739592625,166.73946888752124,3383.7367170620546,7.572044176527957,10.21711402923318,0.0007335801492130488,3.006909392911254,-0.44828245023307434,0.9981977462436203
train/bird of paradise/image_03292.jpg,0.0025493610373478488,132.46232490439058,0.9698274920914921,2194.807075129879,0.3434700478642158,76.75972086227074,8646.765975615122,7.4211397105808645,10.676506297581637,0.0004923998557295503,3.6857961057146045,-0.3427444878025042,0.9932732962194102
train/bird of paradise/image_03284.jpg,0.0007712068088962115,28.077758337545976,0.9959599130475243,3475.1822292447864,0.4273143434362119,235.62378566058257,13872.651158641613,8.610890425496688,11.261077224998479,0.000707760515684403,2.991490092910875,-0.5220498975416141,0.9998018812573215
train/bird of paradise/image_03306.jpg,0.006826839791268065,207.1873413734457,0.9713610191331384,3616.7337860585785,0.33349976925769875,112.68983947066364,14259.747802860866,8.015401377645379,11.285902131531678,0.0004272386186617669,3.870768066194495,-0.4018418575692211,0.9981192901844996
train/bird of paradise/image_03368.jpg,0.013584316533117768,121.55718207551504,0.9858559585463657,4297.060368678159,0.5385160815721652,102.36487008428561,17066.684292637117,7.316258445164184,9.719297104149398,0.0008629490739966899,3.2163078405741423,-0.4905636380343837,0.9990049925857519
train/bird of paradise/image_03298.jpg,0.0010652420091853997,25.494011911452056,0.9944087079519708,2280.3946924461434,0.4806188673308378,195.27605871138297,9096.084757873135,8.48343048226582,10.86346480062333,0.0008346155700708214,2.7361734178444346,-0.5501386862066217,0.9998511284242849
train/bird of paradise/image_03326.jpg,0.007999967372233817,62.213219934001565,0.9814975440617534,1680.9625254830323,0.6131412439414693,63.39069313459999,6661.636881998127,7.000163958473175,8.766825362779551,0.001161593700515562,2.412605260267921,-0.5521022000095479,0.9993098144864166
train/bird of paradise/image_03288.jpg,0.0004591374301158418,80.52734397812094,0.9836251166392562,2458.836128412568,0.3323658869704331,246.40256136527623,9754.81716967213,8.581615094126983,11.984808348663934,0.0004814945341548661,3.633538291611077,-0.42118299559920064,0.9990172187994226
train/bird of paradise/image_03340.jpg,0.5560497762933411,36.840900526630236,0.992319969859498,2397.875505096201,0.8302476355422347,44.57898521673944,9554.661119858176,2.764027057099913,3.585216448254013,0.0029641339742654785,1.5669753103604909,-0.5455630853953313,0.9647122845567124
train/bird of paradise/image_03302.jpg,0.4097515409184729,81.76462010996238,0.9909057501440631,4494.659143063797,0.7574276664440219,73.43482995328645,17896.87195214523,3.760399021962614,4.958937434219994,0.0019510795613683252,2.0834551973791164,-0.5131818668994872,0.9832630181155954
train/bird of paradise/image_03317.jpg,0.00017546156327963102,452.39028210278803,0.9085148895725914,2472.393760477349,0.1399758655112031,270.57056235955224,9437.184759806609,8.412593097912248,13.38243046973316,0.0001518717524260718,5.183695988680052,-0.2071047902253532,0.9728713127026424
train/bird of paradise/image_03351.jpg,0.0026890591521794164,55.37992613587094,0.9887879054749875,2469.3030903082035,0.5207475361234477,150.8238309986736,9821.832435096949,8.173434276639306,10.491066801455428,0.0008579522402843739,2.872917275785103,-0.5474478778480365,0.999794431628693
train/bird of paradise/image_03301.jpg,0.0006573657979429706,92.96401215610565,0.9831429351780973,2757.261677879234,0.31351938591687645,232.6961396199295,10936.082699360833,8.612788099181365,12.11701688338924,0.00043048622227344693,3.808988486728894,-0.41001810617023127,0.9988735137762745
train/bird of paradise/image_03360.jpg,0.00022702824501751474,360.92105267123975,0.9128985483464627,2071.788546823997,0.15929003181459458,151.59264080593087,7926.233134624751,8.380180383702038,12.963098588697322,0.00020744633803626938,4.787462044243862,-0.25039506873027506,0.986448649769555
train/bird of paradise/image_03333.jpg,0.004057674657494047,48.123237940303824,0.9843574745971022,1538.4710056766135,0.6256342451430046,218.85283743381473,6105.76078476616,7.872063955072861,9.824614517162619,0.0011719491701474864,2.5542566823497825,-0.5905655149728551,0.99984478788695
train/bird of paradise/image_03335.jpg,0.002012261053336718,36.066945984623665,0.9898347893679885,1773.8445379507002,0.5148540416203407,154.22798847305071,7059.3112058181805,8.085341554210117,10.324156638643391,0.0009140960269764947,2.6953251344295728,-0.546995281336021,0.9997588945897615
train/tiger_lily/image_07187.jpg,0.0017827919612970636,44.094523701896605,0.9946471985177476,4118.574026263525,0.4753835870148378,204.11512887274006,16430.201581352187,8.422085644568416,11.016169797651367,0.0007307152600685685,3.1146593914534524,-0.5223866679364297,0.9997661212273203
train/tiger_lily/image_07179.jpg,0.00022704710276136406,101.31551411505934,0.980420236605736,2587.228159925041,0.18485049166735054,206.05493560258927,10247.59712558512,8.628225514780464,12.67874122866348,0.00028234547302087603,4.215690250948734,-0.3393952961950716,0.9968665596529622
train/tiger_lily/image_07177.jpg,0.0011249422589150143,104.58932968521238,0.9840552519522814,3279.4784497659384,0.3643621548501723,176.28059025932967,13013.324469378531,8.503205273528277,11.795689361015574,0.0005010923524951422,3.6919247098498866,-0.43142459598089,0.9991441075463763
train/tiger_lily/image_07192.jpg,0.0005570276434465488,55.878198579825536,0.9780137732559464,1270.6851286250967,0.26799011454793265,256.3587143711039,5026.862315920596,8.132087159590919,11.66808923209953,0.00048540584433035775,3.708960018490165,-0.3660149726414472,0.9969864139033819
train/tiger_lily/image_07196.jpg,0.0004795664684843392,124.62842010325775,0.9653106053301963,1796.2836481908294,0.26876852529070233,200.09999884972183,7060.506172660065,8.339920767949362,12.208145153879443,0.0003637285442809073,4.099712429749571,-0.3411601864331509,0.996121751479357
train/tiger_lily/image_07186.jpg,0.0017894474686421212,32.80906977249592,0.9858559784421173,1159.7691904268722,0.5122407500457035,221.66549216519746,4606.267691934974,7.986652590720251,10.456906965507894,0.0009073101102912034,2.8724760892371535,-0.507578555061458,0.9995422724645339
train/tiger_lily/image_08110.jpg,0.002367715476505505,158.25852740406276,0.9814581524981277,4267.3023100161845,0.38482222209650463,131.44765646560697,16910.95071266067,8.233346193638345,11.444189164163923,0.0005035725951625062,3.8151108997254335,-0.4216172467428373,0.9987702434736598
train/tiger_lily/image_07169.jpg,0.0005143852750197455,118.54335157024303,0.9762548790908612,2495.9502339308474,0.3257320646220653,199.30770982925105,9865.257584153145,8.53707402605843,12.033483334376314,0.0004899673158396242,3.733629068321984,-0.40555496301903105,0.9987773966826579
train/tiger_lily/image_07167.jpg,0.0002615382367979648,143.11011756419128,0.9600515061929393,1791.0177393932681,0.190856379732591,187.93468683559993,7020.960840008882,8.307378084248725,12.562317048408278,0.0002746237904308419,4.426611824660953,-0.2851058749060138,0.991527669923753
train/tiger_lily/image_07193.jpg,0.0002517335305393755,288.392794067441,0.9576589518109208,3406.033048269674,0.19987349601844842,185.84223392356594,13335.73939901126,8.504242195544418,12.962232639434902,0.00022952297856950512,4.718508549424854,-0.27861745249108727,0.9917032785189096
train/tiger_lily/image_08111.jpg,0.0006943298675008432,153.1890797462775,0.9815282168142259,4147.13439316728,0.27826123829803207,220.45636632760517,16435.34849292286,8.599724533914756,12.37498514830693,0.00035420738885198137,4.152743160418851,-0.3740859096408451,0.9981564252960929
train/tiger_lily/image_07190.jpg,0.0011821175382986681,123.58466670321829,0.979051338292225,2950.123770463253,0.33597439001623813,233.98001692913266,11676.910415149774,8.5281345435195,11.850610662761888,0.0004911014617408273,3.6989499706127913,-0.4319402113238623,0.9991936144999336
train/tiger_lily/image_07180.jpg,0.0008483486460342158,474.6856624683437,0.9426805605511078,4140.551379827012,0.23350280766987488,154.72897654038962,16087.51985683971,8.403538361192037,12.591565088496363,0.0002700723773448253,4.673583001431623,-0.30365613958065674,0.9940423846325038
train/tiger_lily/image_08109.jpg,0.0007329782128963232,101.38780367552019,0.9571388193218258,1182.7494147890857,0.2815165642044252,158.04102321699605,4629.609855480824,8.002680478733465,11.599224605524377,0.0004655134095348208,3.7937488858914126,-0.3478690039336305,0.9958730124753512
train/tiger_lily/image_07174.jpg,0.00026261646174314716,121.47139518792072,0.9823834957397076,3447.8240311592413,0.22655306005876655,243.12612809525575,13669.824729449037,8.786057393897027,12.718203273727603,0.00033524869670598984,4.124913525096848,-0.3677928745715606,0.9981869066666851
train/tiger_lily/image_07165.jpg,0.02123258993500414,114.66456978371703,0.9552312610529277,1280.3327709298574,0.7130686979822369,333.7741320653979,5006.666513935666,6.522342367941198,8.225344208795988,0.0017012172618811696,2.487895442657236,-0.5996434803804259,0.9995384983842794
train/tiger_lily/image_07168.jpg,0.0005981471488836489,106.17723015081218,0.9855085725226795,3664.2899749717817,0.2701726520800802,174.9433272757129,14550.982669736306,8.631731673717493,12.40429716000609,0.0003452852282758189,4.091263306446029,-0.376516554654048,0.998211949601538
train/tiger_lily/image_07166.jpg,0.0040273164529528085,46.33514300030353,0.9675308145799518,713.3998774896177,0.49325813008805197,246.5435305180651,2807.2643669581666,7.368044060155121,9.864337930870755,0.000940648805914501,2.97420338698017,-0.45425491712474375,0.9983013906451934
train/tiger_lily/image_07184.jpg,0.005231978175630973,55.06906766455061,0.9889447861816096,2490.24207270668,0.6187470966631688,149.59201434124,9905.89922316217,7.861070592219166,9.878252845827198,0.0012943362835385614,2.6874396471196613,-0.5820111533600321,0.999831478792107
train/tiger_lily/image_08107.jpg,0.0007660070942153889,159.40955902421186,0.9645718268370136,2249.6118424397077,0.3302421612986404,178.94059058238057,8839.037810734626,8.376217428314334,11.965815421136485,0.00045821566211334873,3.941560991597379,-0.38099932886042476,0.9980236325521691
train/tiger_lily/image_07171.jpg,0.00019309833551026313,167.41577742390263,0.9718377978061188,2972.474529522585,0.18336234866809284,199.99793157756943,11722.482340666449,8.70304709932607,13.034844366950056,0.00023915576100204004,4.519863700796426,-0.30978269948250536,0.9953054144371936
train/tiger_lily/image_07194.jpg,0.000880637486118635,68.75026126673635,0.9812610398059076,1834.71427932421,0.4189579831770883,252.6185593410127,7270.106856030103,8.418538899887327,11.469314357713417,0.0006269279227526001,3.3909232668958422,-0.4561109606567287,0.9993563731723709
train/tiger_lily/image_07189.jpg,0.0003740439707833778,117.44958754592818,0.9826152981857299,3377.9353901637073,0.2570860103402107,196.07384196482337,13394.291973108897,8.609276770134718,12.347175351283482,0.00037267997089874844,3.9965004076733157,-0.3786393996428936,0.998267840423456
train/tiger_lily/image_07170.jpg,0.0005762165168446009,89.7833928408376,0.9799096885435753,2234.366401103866,0.32311915851786105,238.95807246249802,8847.682211574645,8.516465717521916,11.992185451130847,0.00047755026188873827,3.725162878963308,-0.40644902918451786,0.9986971520075851
train/tiger_lily/image_07176.jpg,0.00022661648377035717,164.35169931618418,0.9776132520237898,3671.7078792454486,0.19370311981442856,220.59874726476494,14522.479817665619,8.765650225622748,13.033818136234434,0.00024777343828915146,4.482047737115245,-0.3230925823328801,0.9963024006607365
train/tiger_lily/image_07164.jpg,0.0001831626918645877,236.4413361985279,0.9544842040426788,2597.303149024178,0.16268774254361976,198.09986031828387,10152.771259898183,8.572726267950106,13.131973796959693,0.0002094283351230153,4.7280221579459525,-0.26972698721526117,0.9908033078162604
train/tiger_lily/image_07183.jpg,0.0010659499483756261,99.32314677079108,0.9902921595325823,5115.49561342757,0.4730718131543498,223.2137215395834,20362.65930693949,8.809772413498674,11.565394702650085,0.0007384126255562035,3.2805697529612323,-0.5249759628409207,0.9998511151629494
train/tiger_lily/image_07175.jpg,0.0024427869623391135,60.659958643249226,0.9818909026961973,1674.5266534721022,0.5204149205936976,165.26508374192701,6637.44665524517,7.992444679924107,10.476314936408183,0.0009580332907565186,2.9533364838551255,-0.5074094394600089,0.9995397553426637
train/tiger_lily/image_07172.jpg,0.000808420140899026,142.70169669388133,0.9800639642821761,3578.968959298805,0.36995156080469993,171.23954279554601,14173.174140501349,8.62708286545643,11.998766479200349,0.0005034255162665576,3.8247890756596234,-0.4284779216330344,0.9992015798848912
train/tiger_lily/image_07195.jpg,0.00023815767430236234,479.0438054003214,0.9501907702345253,4808.914612908489,0.17486351096289857,205.10566767408068,18756.614646233633,8.742286485023332,13.32832879873574,0.00021099480426903447,4.911432830891927,-0.2807918144992584,0.99299127956392
train/tiger_lily/image_07188.jpg,0.0004765171925237773,127.61368418228606,0.9818257039628648,3510.5698099060196,0.2554650630860755,180.9244983063583,13914.665555441807,8.639336453235613,12.48191026830352,0.00033163155911494996,4.181082527146068,-0.3675650260850762,0.9979762415838649
train/tiger_lily/image_07178.jpg,0.0026094672017981475,83.02017576068619,0.9765533206535135,1770.9306716277392,0.36289485469743343,224.68158097104492,7000.702510750252,7.939275398473173,11.254724066844094,0.00046576623580122734,3.7912920938099735,-0.38344760612694456,0.9972557790744481
train/tiger_lily/image_07162.jpg,0.0005082463169534384,112.42987658118514,0.9842088721052373,3559.8040749560637,0.2670572282858759,182.970754005366,14126.786423243066,8.64795171509886,12.405353391148761,0.00035220708252315644,4.097251245814688,-0.3791287279675978,0.9983110719826398
train/tiger_lily/image_07163.jpg,0.0003314205253569483,128.86406177694263,0.9703818612605871,2175.060400207902,0.18827387495863934,197.5013795301668,8571.377539054656,8.32750824408865,12.458569932268583,0.00027651099245548855,4.283482356274118,-0.30313030266415697,0.9934769437669821
train/tiger_lily/image_07197.jpg,0.0030474109196314617,64.37809423921279,0.9743667861381076,1255.7167769899283,0.49811487760024165,228.87276295180484,4958.4890137205,7.887915947855603,10.564854128055813,0.0007678231864925735,3.16101607722556,-0.4790025992636731,0.9992872756597886
train/hard-leaved pocket orchid/image_05146.jpg,0.003896931488388987,92.31169373779626,0.987398947727734,3662.2104513551576,0.45651487849685235,147.40419288545039,14556.530111682836,7.7796484721467145,10.4916462868924,0.0006817228206660404,3.4166594959349696,-0.4575784714262609,0.9988967922369774
train/hard-leaved pocket orchid/image_05115.jpg,0.005920814265736431,56.47097096209369,0.9896106670314573,2717.44211014838,0.2985232431560115,85.27467269141641,10813.297469631427,6.495459942183635,9.706637214163985,0.0004872073813664137,3.552842009650879,-0.29294832271394966,0.9811327821295832
train/hard-leaved pocket orchid/image_05131.jpg,0.0008650951768636289,152.31299241829552,0.9897223257230862,7409.3575188055565,0.3336383580477491,200.99676440291836,29485.117082803936,8.58325267418019,11.858568106765528,0.0004555391461492807,3.832240602306865,-0.4377828272478792,0.9992855808679324
train/hard-leaved pocket orchid/image_05090.jpg,0.0007802294231707833,27.172787685669466,0.996957005716171,4464.847580933222,0.43881537369449497,214.5102317247675,17832.217536047217,8.651112114747447,11.21846836503616,0.0008096443930107927,2.9766031094738654,-0.5349221295952895,0.9998456672786245
train/hard-leaved pocket orchid/image_05097.jpg,0.0013649861724265317,91.6834210419589,0.9905494249600683,4850.147654880382,0.3578540699652843,160.91610268377528,19308.907198479566,8.57720660189569,11.753371486563466,0.00046693842099328404,3.7573195289285706,-0.4514108197459954,0.9994161392691447
train/hard-leaved pocket orchid/image_05114.jpg,0.003937606153025476,304.7603682779554,0.9755472039048952,6230.674416828473,0.3079625558182194,126.83835394337183,24617.937299035944,7.306773473917497,10.769266941311958,0.00041009361415323526,4.093638151026522,-0.30463654657128775,0.9883441131266111
train/hard-leaved pocket orchid/image_05145.jpg,0.027288951398354667,100.23371277312899,0.993250088608919,7424.9893423540825,0.5887361446818157,209.94458070967295,29599.72365664321,7.10422972640229,9.274189764278955,0.0010464685166146912,3.0324743086304817,-0.5227353597128296,0.9992194459031272
train/hard-leaved pocket orchid/image_05118.jpg,0.004395103375562203,61.29575260774041,0.9944643947368905,5537.207046684691,0.33888053668225326,224.22113722781634,22087.53243413102,8.498131585374633,11.654529724828013,0.00046893328273855397,3.606356137212301,-0.45344437793177017,0.9994066101665801
train/hard-leaved pocket orchid/image_05112.jpg,0.006145017661817031,106.86724825204979,0.9913677349156285,6189.707259361983,0.36975453880433,148.08383966101587,24651.961789195884,7.6196535683839635,10.608725076799825,0.0005155088417073336,3.6338664338769897,-0.4062409144575389,0.9975291657496564
train/hard-leaved pocket orchid/image_05122.jpg,0.10702111283566243,169.03613690593,0.9786586670980281,3959.9659810801622,0.4491221025041957,138.44192610574015,15670.827787414713,6.258561372302276,9.122497996683316,0.0006503017500633626,3.7939516357760446,-0.3660906729412121,0.9912420023797754
train/hard-leaved pocket orchid/image_05117.jpg,0.029757622020100134,65.96274304542875,0.9947816746516176,6320.09854277888,0.53653415387679,171.06412297199807,25214.431428070086,7.12703044904589,9.474711890629074,0.0008833591753103026,3.227666790636573,-0.5130298697385488,0.9992096052050501
train/hard-leaved pocket orchid/image_05096.jpg,0.0033808954055386292,207.24253169377448,0.9856953372299913,7243.418023349432,0.3372135447124598,178.32429103269087,28766.429561703953,7.90014729114147,11.314498741025671,0.000435676019090382,4.050404685660039,-0.36818718879459417,0.9965402890391544
train/hard-leaved pocket orchid/image_05087.jpg,0.00016478865163565925,349.227720325697,0.9642325892697889,4882.215162469808,0.1920211450829766,259.628909942233,19179.632929553507,8.916433404471132,13.43533284472945,0.0002258398903323328,4.751756933362826,-0.3058797936982638,0.9957760387019124
train/hard-leaved pocket orchid/image_05106.jpg,0.0005119834367482996,40.19672516487282,0.9929874406825795,2865.893473755708,0.3509920014333107,194.79952524880736,11423.377169857959,8.605823973556074,11.675529183503135,0.0006217278655734254,3.3462537477180883,-0.46550318878392904,0.9995293748361328
train/hard-leaved pocket orchid/image_05139.jpg,0.0003276211951840116,94.88622583137332,0.9850068567550105,3164.3976913484253,0.24030074693138986,196.30602211666675,12562.704539562319,8.555127980687347,12.340398335484425,0.000353445951568031,4.018730699921,-0.36836468928745447,0.9978715013112075
train/hard-leaved pocket orchid/image_05128.jpg,0.2903163415262914,90.98863170893526,0.9921796735755563,5816.754871200883,0.6483049682544915,111.46165867338321,23176.03085309459,5.009351397262316,6.808988326652961,0.00139916813281133,2.726168516525033,-0.48791571767304037,0.9936786146324761
train/hard-leaved pocket orchid/image_05092.jpg,0.0014910307978118005,44.42433209078417,0.9894285327044574,2101.426552577562,0.45617296570686294,257.98687659838913,8361.281878219452,8.328094571249089,11.008910590328897,0.0006940253119762311,3.1705449776645835,-0.5032074276315419,0.9996581663769872
train/hard-leaved pocket orchid/image_05121.jpg,0.00717904860863687,34.133420635479595,0.9952552297729969,3597.0418790879276,0.4569379970207974,298.3876760110438,14354.034095716263,8.269356932745366,10.925673631235046,0.000679248821389933,3.1763376080224446,-0.5141161001178645,0.9997117432931663
train/hard-leaved pocket orchid/image_05095.jpg,0.004432515660289641,92.06256409015457,0.9884002601776928,3967.9343881697255,0.2580791297423476,109.67371516189816,15779.674988588751,6.992252177375473,10.527801380554317,0.0003874949800850346,3.9230415222784982,-0.3026654258360972,0.9871562451317044
train/hard-leaved pocket orchid/image_05144.jpg,0.1053511253435605,47.7899793959452,0.9956464164420284,5488.060323878892,0.6515543898180381,123.54592984935427,21904.45131611963,5.755276285576297,7.386297408524326,0.001499011466070436,2.5890491160492175,-0.5448078056737756,0.9979195038651891
train/hard-leaved pocket orchid/image_05123.jpg,0.004851020218051678,29.836155975185378,0.996139065792102,3863.148122572112,0.3582988167734384,99.2643295231875,15422.75633431326,6.799306342185201,9.619560028350143,0.0006601123009457221,3.1471698512974386,-0.36772284804235306,0.9926843822494729
train/hard-leaved pocket orchid/image_05103.jpg,0.004434211320127503,45.595488525235936,0.9929417906625653,3229.735807802362,0.28637133841285245,106.3645619082063,12873.347742684218,6.865225119862194,10.100602212584583,0.0004901856290116795,3.5313251463419304,-0.3254293285767692,0.9895648219712289
train/hard-leaved pocket orchid/image_05129.jpg,0.0023359606414636446,54.537608800911535,0.9912374522643972,3111.5386710330204,0.30862811733072704,101.84342625113854,12391.617075331173,7.393871350023351,10.501471010172377,0.0005773579304406797,3.4500388744442674,-0.3669815786597161,0.9951439572951396
train/hard-leaved pocket orchid/image_05089.jpg,0.0003445871074001359,80.55241899896293,0.9888421116490773,3609.952181596316,0.3020493162658958,245.93878202553344,14359.256307386268,8.752979989941927,12.232014011518833,0.00045660909112983986,3.712258213519359,-0.4239485900257483,0.9992377483794577
train/hard-leaved pocket orchid/image_05116.jpg,0.0006795821193989591,80.59589702134068,0.9892248586694843,3740.398589619147,0.35119529784753944,235.7961485725499,14880.99846145526,8.742146769496047,12.080015804943917,0.0004841955228652021,3.682952315213829,-0.44357345562942685,0.9994210190416496
train/hard-leaved pocket orchid/image_05143.jpg,0.0022634846737483805,60.16712539588031,0.9927185860092775,4131.697876006988,0.44275756631062496,138.7398152928927,16466.624378632077,8.174569644834271,10.809524748495031,0.000769014469582952,3.225437714001015,-0.4966939645160868,0.9995633314946769
train/hard-leaved pocket orchid/image_05108.jpg,0.0019395434322039024,54.28065820938956,0.9957525644552303,6389.143933248326,0.3092311071194093,185.75360597509214,25502.29507478392,7.567171108897245,10.764430991009757,0.0004790712638129463,3.536887975591563,-0.3853645238355525,0.9967572930719969
train/hard-leaved pocket orchid/image_05105.jpg,0.002648005862648529,79.1662153227864,0.9909820706873402,4388.933229216036,0.31111499990220837,142.32925956010092,17476.566701541342,8.257169682375983,11.60025725317207,0.00042375243698126834,3.793785695829172,-0.40630986923609297,0.998451648472483
train/hard-leaved pocket orchid/image_05135.jpg,0.0004284256333192209,53.45937623227226,0.9904641536820313,2803.575259742044,0.30057097045050796,250.08726634775968,11160.841662735907,8.661043876274455,12.067176402787833,0.0004490783784607906,3.6295819902674094,-0.42650592766052425,0.9991703322323222
train/hard-leaved pocket orchid/image_05119.jpg,0.10049825574105678,171.23964973229667,0.9902543167831512,8784.206541998845,0.7220480893594772,122.84120357423103,34965.58651826308,5.268307873166639,6.626628375938598,0.0016553433839151554,2.3185670846839064,-0.5553873727113584,0.9967732852398301
train/hard-leaved pocket orchid/image_05120.jpg,0.16101195591080472,94.33187738654539,0.9921591556333433,6014.964377821083,0.6185918898084477,123.7864829429162,23965.52563389778,5.754973100461809,7.660177554856956,0.001204540078703255,2.875974963570628,-0.5024124574531041,0.9969182367647252
train/hard-leaved pocket orchid/image_05111.jpg,0.06198086247366109,79.73588407194977,0.9859770500653096,2842.665778997507,0.5483656014948213,94.68751023646755,11290.927231918078,6.307816172306295,8.588997445889175,0.0009704849814753866,3.2383579543780714,-0.4551589665087707,0.9966307997429151
train/hard-leaved pocket orchid/image_05126.jpg,0.0005380386271099448,122.52539100023886,0.9867425381256936,4620.819961584916,0.2944756824185764,236.70455991780244,18360.754455339404,8.62546788621634,12.196997912510998,0.0003976246505341182,3.95638345480646,-0.4038002983921338,0.9988443589381455
train/hard-leaved pocket orchid/image_05102.jpg,0.12283399662221328,54.637179774864585,0.9955854975217688,6187.988963946845,0.5507558049672046,145.397887978448,24697.318676012517,6.510631536642065,8.699534069457044,0.0009867644557576272,3.0917386044116104,-0.5049637387255714,0.9985198124406631
train/hard-leaved pocket orchid/image_05138.jpg,0.000763384651914631,27.83495409912642,0.9956480924321793,3198.12259291601,0.43938347391140864,228.92897462089488,12764.655417564914,8.53566069865214,11.132655788868698,0.0008913991300591511,2.90128782409502,-0.5236944325711597,0.9997932948983383
train/hard-leaved pocket orchid/image_05099.jpg,0.007618534057978529,64.28875820802625,0.9906575980449644,3440.264134336019,0.3209036162806936,107.96340116740984,13696.767779136055,6.39828701514705,9.500400548965478,0.0005151750336266408,3.505281476331578,-0.2990605320001904,0.9812111836377104
train/hard-leaved pocket orchid/image_05113.jpg,0.0027910086205877056,43.745851094567286,0.9934942973332367,3361.821629137895,0.3453567995450509,155.71150258078595,13403.540665457012,8.41503035544472,11.554150173127823,0.0005031024493100217,3.537591292700381,-0.449098255776663,0.9993149302991049
train/hard-leaved pocket orchid/image_05127.jpg,0.0018818891302073441,170.33424536874145,0.9559224234397321,1931.9197655241992,0.43189837134280007,175.27185422657564,7557.344816728062,8.120047992430754,11.24800735887402,0.0006015895586502294,3.7492020529563623,-0.42856141695622024,0.9988215510637702
train/hard-leaved pocket orchid/image_05130.jpg,0.005101773751346773,32.779475901999625,0.9955105596120769,3650.4547383102567,0.3179870330236413,108.391490055046,14569.03947733903,6.749771451404311,9.742655490856883,0.0005797531082209372,3.25421796049456,-0.3531063397201742,0.9919453432956887
train/hard-leaved pocket orchid/image_05110.jpg,0.03753861057794777,23.31574709977103,0.9980929514791942,6112.098514070306,0.7580348495102066,122.06414191543725,24425.07830918146,6.069655270683775,7.147321047167629,0.001801965018561101,1.8123882035541208,-0.6713909791078585,0.9996107480216677
train/hard-leaved pocket orchid/image_05140.jpg,0.09071221373056595,30.883697051510083,0.9953774634458418,3340.005902606332,0.6852985796746109,96.10300245704586,13329.139913373816,5.6089456482818765,7.079824119311146,0.0018100928027774375,2.3656021701476666,-0.5579210550550215,0.9977678273875836
train/hard-leaved pocket orchid/image_05132.jpg,0.10948822124430528,24.755162335196808,0.9979980038129214,6182.289730598213,0.6197446532764496,195.33974819809308,24704.403760057663,6.6505264925993455,8.43386516180657,0.0011559580240130308,2.5657148765333098,-0.5890480037808726,0.9995378506695334
train/hard-leaved pocket orchid/image_05098.jpg,0.0027737948656880937,226.90945935321253,0.9847188214500044,7424.148180414426,0.2921704101371122,179.96984802922316,29469.68326230449,7.896796480218653,11.353039576752426,0.0004185411560390881,3.9527160892850945,-0.3672960533405272,0.9966913548028404
train/hard-leaved pocket orchid/image_05134.jpg,0.01229627430335991,40.56530913233538,0.9958402821156309,4875.061961368003,0.594909184557363,162.57348193276377,19459.682536339686,6.845974646487636,8.667442960576494,0.0011002440457060884,2.6220936796354426,-0.5407581427995799,0.999116121391855
train/hard-leaved pocket orchid/image_05104.jpg,0.3426430318868094,37.50621352448556,0.9981531483052616,10152.66887369076,0.767159297656748,145.6918455647093,40573.16928123855,4.119427075130066,5.141217086771577,0.002008431772532149,1.8990781347668453,-0.5997422216737456,0.9937339955163795
train/hard-leaved pocket orchid/image_05093.jpg,0.0011705188551589534,362.0325126695007,0.9753438108736011,7340.979032051158,0.2519802408385492,199.74313277402945,29001.88361553513,7.82424429628122,11.619105114145093,0.0003556678428024759,4.271583594590919,-0.30487436316598127,0.9914717734886801
train/hard-leaved pocket orchid/image_05141.jpg,0.0020483153975396954,82.96131877868262,0.9804038608355321,2116.5030989527277,0.40504045374453657,105.51350815321229,8383.051077032223,7.877354762329224,10.778560867091825,0.0006195624263121944,3.410496348291378,-0.4347832292818423,0.9986114993807059
train/hard-leaved pocket orchid/image_05091.jpg,0.49465242892022804,61.01311094639466,0.995078011959105,6196.812984764636,0.7834205677180206,82.26574227857529,24726.238828112146,3.372906245750607,4.45553361009283,0.0021875125738487957,1.9300246969216166,-0.5404829945736783,0.981222732288148
train/hard-leaved pocket orchid/image_05088.jpg,0.010798148187264815,27.155724885775975,0.9965701663506361,3958.0476619691804,0.6718123242030934,141.4596766674219,15805.034922990943,7.121527633423845,8.588689572066698,0.0013852944757474657,2.3132841246392606,-0.6239372406772061,0.9997707675226266
train/moon orchid/image_07224.jpg,0.001367410374612975,53.73718116333687,0.9956524684081111,6181.246291437686,0.4703571160431971,293.44851599335914,24671.247984587426,8.401718091906561,10.84086290606964,0.0007733004693633062,2.920198493603032,-0.5395537165210453,0.9998139700940081
train/moon orchid/image_08101.jpg,0.0005858035935604594,95.68752487763923,0.9909691938705368,5299.156759769072,0.36512808141522846,304.10048718719355,21100.939514198646,8.765132583806952,11.882319223106213,0.0005546180666796018,3.5072977949297064,-0.47113900110058315,0.999637060701646
train/moon orchid/image_07207.jpg,0.0017193611319498102,57.48679591423258,0.9951978997820381,5985.034937833634,0.4486281841877062,167.82544258540852,23882.652955420315,8.46098216294713,11.050394302551268,0.0007421763648894883,3.0317332237543946,-0.5216278704098888,0.9997696176471941
train/moon orchid/image_07213.jpg,0.0005799989987576257,47.42700164792721,0.9956131195693166,5405.690280180181,0.34968083616093437,270.0225120696672,21575.33411907279,8.66808624789848,11.69795021463128,0.0005661848482601777,3.3213471380944144,-0.4756824654130543,0.999619093601251
train/moon orchid/image_07226.jpg,0.3262446775052864,67.4045244044355,0.9959032611261666,8225.843603099065,0.7497478503937893,139.7762245031126,32835.96988799183,4.330388580379186,5.5110690266011755,0.0020225737992862433,2.0334611785017582,-0.567599791598929,0.9935235656305732
train/moon orchid/image_07229.jpg,0.003028030419394123,77.34025039799225,0.9952664319795619,8168.286759429496,0.4975644950727692,159.04504176443677,32595.806787319983,7.801102775347694,10.174971694197104,0.000819957590012486,2.954114267827099,-0.5079341274954136,0.9994510836297243
train/moon orchid/image_07233.jpg,0.0021082129640979715,39.37394376220983,0.9938114734665785,3181.5470666347264,0.5135161477995049,357.64074905603087,12686.814322776685,8.217308320474533,10.570326534470693,0.0008616573188616006,2.821310991097168,-0.5417968826044428,0.9997845733437184
train/moon orchid/image_07230.jpg,0.0031507538456848378,27.73872869452689,0.9985355109081012,9470.745374671344,0.5527232065260976,236.91895776577806,37855.2427699908,7.932897363100479,9.865368164489627,0.0010096578987673752,2.493331033700684,-0.5817930462687243,0.9998316529906105
train/moon orchid/image_07225.jpg,0.0043744655988623045,17.866817721422382,0.9918762739348835,1100.085401733094,0.6628783876453269,255.0263400078879,4382.474789210948,7.706202197804837,9.330810204738503,0.0013244148185572009,2.1806096045072483,-0.62445677744319,0.9998810605032424
train/moon orchid/image_07206.jpg,0.07637819519738284,31.695184976301473,0.997904843319647,7564.101010715094,0.6097830136587071,201.19989390659657,30224.70885788408,7.060856949690416,8.838766825936723,0.0011087741526366378,2.45428153403539,-0.5976576534164777,0.9997166098433392
train/moon orchid/image_08103.jpg,0.003305979990965387,41.54103725562016,0.9969508834544529,6811.600176514512,0.619349070173215,254.19211052224517,27204.85966880239,8.207617374543378,9.994048212707412,0.0011619578060285108,2.4352364279042424,-0.627928002026093,0.9999407136660335
train/moon orchid/image_08102.jpg,0.009673494709781424,98.7846400703808,0.994175718262688,8481.296732942119,0.47350071410879974,246.7790552537422,33826.402291698105,8.303512022746254,10.925688317791263,0.0007145464006181139,3.2095109914206787,-0.520902932017864,0.999747131927571
train/moon orchid/image_07231.jpg,0.006517654179180509,97.59244061307102,0.9934647426375682,7465.621108502759,0.5714820420477402,163.55426976504558,29764.891993397963,7.819415127837121,9.899207721673081,0.0009928750670400196,2.782007496910383,-0.5617005249392109,0.9997589734906087
train/moon orchid/image_07223.jpg,0.0024605066895409425,41.29532162260347,0.9979766835148148,10205.133408280688,0.4919566873220438,259.02852618500845,40779.23831150017,7.735547494325587,9.935484162037149,0.0008635058943807061,2.698719956115087,-0.5279146098905833,0.9995588221442343
train/moon orchid/image_07202.jpg,0.018144293430955114,71.93836509489006,0.9936036863729872,5624.086549116201,0.4821734632549968,187.35120674473166,22424.407831369906,7.938642854471171,10.480989828961382,0.0007290453064963562,3.152896955892934,-0.5139359780150541,0.9996054495749849
train/moon orchid/image_07205.jpg,0.009989018291138166,109.07541356268491,0.9929182756288025,7700.611759181015,0.4899251254496583,194.2277792729943,30693.3716231614,7.576118773075821,10.0505128963964,0.0007702430902983739,3.1284693379051296,-0.4882574480469135,0.9991783061301611
train/moon orchid/image_08100.jpg,0.003194174018258001,19.685633568508855,0.9960230728897196,2475.2900144425157,0.6218687407703545,270.9143637245451,9881.474424201544,7.959286317784935,9.70228287019624,0.0013282185054709766,2.303213710384388,-0.6198479737519315,0.9999097629176269
train/moon orchid/image_07210.jpg,0.019195013481094383,49.512151379682464,0.9951466178367575,5100.532408518158,0.6347701949637031,147.6457554313756,20352.61748269295,7.234913033405796,9.07388056882928,0.0013013829269144692,2.550626272597195,-0.6015139787407137,0.9997840249812302
train/moon orchid/image_07228.jpg,0.0015331408841563325,133.87463130513632,0.9911812522095267,7589.514856275784,0.4119299388720127,185.14510866200033,30224.184793798,8.473564937352402,11.346199208721638,0.000631953178065067,3.3524087479914533,-0.48494463619847616,0.9996150034095826
train/moon orchid/image_07227.jpg,0.10563269812309785,49.41661414832989,0.995947248800236,6096.1581943641795,0.6100862682839102,142.09934103409262,24335.21616330838,6.666106399679453,8.508025083392063,0.0011127880005250596,2.5805325720517067,-0.5660180986542583,0.9993641295167965
train/moon orchid/image_07221.jpg,0.0008328679392092995,84.02821050183653,0.9946327424805543,7828.547451048524,0.37515452551216977,243.40957573629038,31230.161593692254,8.592827369227892,11.512792420069971,0.0006139291904700646,3.2799512758339677,-0.48588817786929583,0.9996595277289987
train/moon orchid/image_07217.jpg,0.00085268546878475,60.25412173495842,0.992113112343073,3820.3553946553557,0.3943662959286054,324.84258176326733,15221.16745688648,8.55909382484126,11.529743188259399,0.0006097785715144255,3.2979168619280275,-0.4781956102556091,0.9996079156428348
train/moon orchid/image_07209.jpg,0.00866573401949223,78.8705302268615,0.9951757903298533,8174.825657946178,0.5507039101107045,212.8164799340567,32620.432101557853,7.530199282781039,9.676467189716007,0.0009724456445594925,2.822565082160117,-0.536772889477606,0.9995485914740901
train/moon orchid/image_07200.jpg,0.153679997562388,46.3321878856396,0.9970733645433514,7915.911597227786,0.6733572490422999,195.06919387560953,31617.314201025514,5.534343316120384,7.03887257569474,0.0015992672631353856,2.321522579166285,-0.5617007580370577,0.9978734212501269
train/moon orchid/image_07220.jpg,0.013927808153212632,78.30758778755046,0.9961986149177593,10299.886121684152,0.5955369038054813,215.23105814744457,41121.236898949064,7.293053151704186,9.120812394570184,0.001078115853975018,2.5351944864386518,-0.5680724134776677,0.9996064183448322
train/moon orchid/image_07203.jpg,0.03114681347159598,120.97876809996968,0.9935283455464038,9347.391872662038,0.44960733250062923,238.99273712879938,37268.58872254818,7.387783913737969,10.167774637599111,0.0006270478720853236,3.5599511490129103,-0.45722846375884885,0.9987230636624727
train/moon orchid/image_07222.jpg,0.0015061770943112828,49.05944482047707,0.9956306746843081,5614.220322452899,0.48155089726731426,195.10777274784394,22407.82184499112,8.282251611561886,10.761812849523347,0.0008047327608373285,2.9521694579149536,-0.5248949437002782,0.9997346412437531
train/moon orchid/image_07232.jpg,0.000314274613957733,120.90462744626534,0.9794756053999353,2945.2005633273748,0.25814136421306094,289.6098088198049,11659.897625863217,8.657111145710008,12.458220195959935,0.000349477952681838,4.07111667892848,-0.3753049527672037,0.9982647662403714
train/moon orchid/image_07201.jpg,0.09017543869221743,58.06858356285066,0.9965767912970735,8482.00027791119,0.5956046509241273,235.50117262322235,33869.93252808192,6.403851133150876,8.30049181387254,0.0011480724908303442,2.662343690012768,-0.5361629976602271,0.9988064064046704
train/moon orchid/image_07214.jpg,0.001913452583353118,42.04575755202728,0.9899523865936629,2092.293041785437,0.5214082164396456,337.92772465578264,8327.126409589724,7.987909527442892,10.239472715832783,0.0009195985807325194,2.7017208007339355,-0.5405113714736753,0.999702753772518
train/moon orchid/image_07212.jpg,0.000829835527618722,44.23140167250391,0.9965101449959387,6338.482605057273,0.44244430349633523,288.69838350622035,25309.699018556574,8.76836780666743,11.420539405816328,0.000726233572712456,3.026669074830492,-0.5323435683926415,0.9998589627001138
train/moon orchid/image_07204.jpg,0.013450683908559804,39.361478631485795,0.9965314962835808,5674.94022120428,0.5961981261718624,287.9418335695712,22660.399406185617,8.176805600889809,10.146964706302658,0.0010724300041614046,2.5646025446455214,-0.6097455083844145,0.9999230157141221
train/moon orchid/image_07208.jpg,0.00208607864509592,109.4786364731099,0.9857723621835495,3848.0371634645044,0.516438653105482,275.87816156939186,15282.670017384906,8.278440669880649,10.621724151931499,0.0008835974547340581,2.8414556428795703,-0.5457352905507946,0.9998076615248618
