image_05173.jpg,0.31830988618378975,0.061770808457097315,0.09737298785116631,0.06061005782744437,0.11730191775395209,0.11306100099341337,0.024127626550237695,0.06488739755345083,0.047696135851911896,0.07162993903901317,0.022056048191540216,0.03636325340165775,0.004907167781292893,0.0960962564358047,0.078460776259118,0.015602958607121952,0.039734838907253794,0.03729546043932045,0.08493904020733979,0.023654040990520753,0.15860005780368938,0.05884172352562823,0.017486045726594734,0.09888828988643551,0.08845843725935895
image_07224.jpg,0.3183098861837913,0.02316126736730285,0.19540812727274753,0.14048475804629124,0.04059027022598071,0.10183244342386957,0.031471179005956446,0.02741647490204933,0.1558231282800827,0.10741647245017431,0.1336861483383524,0.0682340968633992,0.08322606529313495,0.14099186689903387,0.09254717471357651,0.046556231967448486,0.00917667561474484,0.07542279618064555,0.16328214016535925,0.08713995277525334,0.14143889174055435,0.14556853199491568,0.2591866434289595,0.08870264509859374,0.1214073352112474
image_03164.jpg,0.31830988618378986,0.1108796544989732,0.1848117654605956,0.1506148686036776,0.21610407419274102,0.13170739905769344,0.2483166291771718,0.0755858207231615,0.17515479595560676,0.07291593652632328,0.14718066998126325,0.1336119050065977,0.23009557253432375,0.10585629073318292,0.06563173373358012,0.039148514269986966,0.10402888652668221,0.26981440700296033,0.2175272413562341,0.10566637530625901,0.24943985151484335,0.08392906742580947,0.14119978673068312,0.1900743522446896,0.19868761291099188
image_06407.jpg,0.31830988618379025,0.14953613765614296,0.2411773400547998,0.12020789831011774,0.2247720336764743,0.10264352268894808,0.060745799031809704,0.02485227771463172,0.06955298740496967,0.07361334208187377,0.09683487791499829,0.051227294387363634,0.07059422240843928,0.055809709228424674,0.13485427091060354,0.1112404593658034,0.1630444293246321,0.14852077841614927,0.0644941540325296,0.10300131321466732,0.031908024171363354,0.0665589433249141,0.09350431441947539,0.13946707314507478,0.1253667646546308
image_05175.jpg,0.3183098861837902,0.16434026132083665,0.46332366570454986,0.21808977687623327,0.14037506006844644,0.19370624768508138,0.4687908773811984,0.2425568246880189,0.18679319155589294,0.18053311580108258,0.19784662541723436,0.18706818587993065,0.38285471259306547,0.25725026619176783,0.15072429171518698,0.16995049175299973,0.18968648625070578,0.23287144208189595,0.19068272449532592,0.16732795755747334,0.2864832055426334,0.23064523869888626,0.10380962896470847,0.12584047771338244,0.15207058741213758
image_07187.jpg,0.31830988618379064,0.5478713682353084,0.47245918290166083,0.709349683997891,0.29580322614655924,0.8190894432179381,0.08069025203811647,0.09382090231950357,0.890016621279546,0.35351882473384333,0.18564615155594763,0.9323381819177624,0.4902924479727121,0.5055441862764526,0.39712443810625425,0.9540839696947642,0.4222140338302003,0.5454317450982594,0.5870161093397084,0.9615268522362476,0.15283042970310448,0.23899079306489698,0.495882217671005,0.745129020086245,0.9595102892379955
image_06405.jpg,0.3183098861837903,0.07319733827400805,0.09212454724528879,0.12091980664372311,0.14108301997333164,0.03968482546304596,0.22435975149092274,0.24146300605374946,0.05161839650380685,0.08234534122897845,0.11564998548113044,0.3610438043361655,0.1403105667432138,0.12404626475809463,0.32209141193396645,0.17795023678842634,0.1447112018507457,0.2512938589749315,0.03551107220192175,0.23535953927706757,0.2069154532216428,0.12153160312383134,0.09187036029994358,0.1500962075048654,0.1287735816463251
image_07115.jpg,0.3183098861837903,0.019343550560381662,0.020827157445104605,0.06023424559594718,0.020325553777180226,0.06421216711750007,0.0716399901413703,0.03319757362757001,0.024011470105156342,0.03399030931113255,0.011957693492147961,0.036968428050786234,0.02239624919569277,0.020450057544180503,0.007409149535163559,0.04141094206996281,0.1164673514646956,0.053620914924412226,0.09064437003780262,0.006252075906633402,0.0847807246183233,0.07526515010620602,0.0894949838776366,0.06924052241002401,0.01580786048511689
image_07091.jpg,0.3183098861837907,0.06139207873357954,0.010809885531255253,0.10020323308414097,0.024593065797257053,0.07514057734939861,0.021536732772348934,0.07378146231719278,0.029481459756235347,0.06855871584208076,0.0713390736976676,0.04168323952406384,0.0048022334333594615,0.07352921961860932,0.07451853860192068,0.06116269293197824,0.05878487572524672,0.041572254645702585,0.05820128738101814,0.10776533537301979,0.00011881151386323174,0.033098607700573275,0.035763062657619867,0.09574330671277965,0.07033734679073324
image_05115.jpg,0.318309886183792,0.04832251533148401,0.10352347231571417,0.07663583858776414,0.05831043516843027,0.03660878064434961,0.050000876959313115,0.06657077048893933,0.09501192164085719,0.0272523552143101,0.05183313830497809,0.05135223269922393,0.07193553872298296,0.018655375997104515,0.09453564473325407,0.10508260563083648,0.09289787714676741,0.05813143940107794,0.07687223613868334,0.1085426480553908,0.05214849847666716,0.03219270781917953,0.05438111490231233,0.08870779179280373,0.0699944690094211
image_06408.jpg,0.31830988618379086,0.2501350253334805,0.12087171873394816,0.11886378126536223,0.33914319452723246,0.34244413754888525,0.1625189329613861,0.1337948551694463,0.1577740839364197,0.20786672337091144,0.24116173016998782,0.20684594270532694,0.28677775085297935,0.32148568974830793,0.32845950510726274,0.3162947592133045,0.033584612634447654,0.04120881549711572,0.03346870838004229,0.05010328899325351,0.2655397192952693,0.2646063686858681,0.30920931138691343,0.2756172740782421,0.27264620339250684
image_07112.jpg,0.3183098861837936,0.027948282659852393,0.0036223694403145785,0.014937376871018303,0.023844923785061655,0.023936283168048803,0.0017359051366715012,0.010391418869703775,0.03520059251810426,0.03589094456134356,0.01417968871377976,0.009034464440860243,0.07318358541865869,0.014372335025422763,0.055468359899675614,0.04286667899845008,0.06778913289833134,0.05593188891322973,0.0358154733064728,0.03498837922120711,0.08649678078542067,0.016479333694193153,0.019899176968277185,0.027091333638883712,0.0352684500939754
image_06632.jpg,0.3183098861837906,0.4966807712351415,0.24312990271745288,0.5836946208410824,0.07487602540209237,0.6127761203860028,0.3726399565081131,0.33672779160587807,0.6074141533422385,0.42123897885284356,0.5436160839078931,0.5842278569202497,0.15770106040486961,0.2950953291405924,0.6820522489713405,0.5547469768087253,0.16484992341349344,0.11100253916589899,0.7579945758430151,0.526447271528484,0.40600848044497695,0.3913673766227353,0.21595641505782137,0.7830421784993669,0.5034407516475558
image_05090.jpg,0.3183098861837906,0.5818746425410594,0.7049466659568299,0.7668309982607937,0.7109955232291011,0.8598791602502525,0.5278550249319587,0.6212089721599,0.8587048280181971,0.2742529602272921,0.4751660719037362,0.7712800572934281,0.10943018043260017,0.13172466233547067,0.33654035397451465,0.6143358427168129,0.45059161986878354,0.33259828626442206,0.2960520645100965,0.4117754122534215,0.7698473967375479,0.6963392598884954,0.5117050330860223,0.35948553546494244,0.1982182954062841
image_06638.jpg,0.0,0.0,0.0,0.0,0.0,0.0,0.0,0.0,0.0,0.0,0.0,0.0,0.0,0.0,0.0,0.0,0.0,0.0,0.0,0.0,0.0,0.0,0.0,0.0,0.0
image_05114.jpg,0.31830988618378736,0.01967710362517856,0.012306040748501388,0.02342618389906759,0.01592937043325469,0.017601337547446246,0.016473838014838423,0.020523164365723243,0.006564537934102933,0.032309282034978376,0.029941389000638467,0.01929749129374452,0.059343139705293535,0.012134959323289502,0.0019249140950753322,0.01979125200391619,0.012769907264953362,0.04140876894214805,0.02786715259528275,0.009920292501756758,0.019093066762176016,0.02563812941976761,0.05734570572286022,0.02154112980585344,0.04769795104196503
image_03161.jpg,0.3183098861837909,0.39292042160929275,0.27539891478250994,0.16390582840545725,0.04148453845000349,0.28039466460606993,0.3063216050931215,0.20043238706173325,0.41031814150754714,0.3208269155291948,0.057675576788676866,0.24201539968191207,0.1205058856138658,0.13421663537190032,0.22887284577978576,0.08048794454600035,0.16837369282438078,0.05305442475739853,0.35417754559475423,0.2169415254677434,0.4127798883982031,0.20504973073423396,0.03988717695398865,0.20192460350222816,0.24410999047044957
image_03324.jpg,0.31830988618378986,0.054657886804190675,0.19507163776727926,0.05591093282670651,0.12405807497028622,0.161035311556489,0.17764165423915967,0.14609545243521654,0.05522798423288887,0.11642298800936063,0.0933011490025167,0.18107740166790676,0.3247999484053429,0.14751633278823278,0.07059803424176021,0.07484130442612973,0.24278108887935765,0.09407750379204674,0.007958094731614712,0.08392822999622314,0.19263515870823905,0.11837117369177416,0.12912270702178724,0.2240869787742006,0.2801497308217986
image_06633.jpg,0.3183098861837891,0.17896662830122315,0.1843141499112496,0.07862673960727849,0.033831979277955046,0.19716457590090192,0.04302040806334255,0.06010614068604219,0.05291781149571299,0.07895281750061543,0.12153594811256244,0.03071732057396505,0.01085938879546882,0.13062300243581657,0.06231862431819385,0.14703213528096842,0.11164638432234845,0.01618934677248762,0.03263531826038518,0.11961111236886574,0.07653708279701264,0.10946925966650897,0.15100625164971837,0.03666848065913771,0.16278787669163536
image_07192.jpg,0.3183098861837899,0.04760798118979475,0.15378685208351955,0.13400481328099928,0.07551238996714794,0.030490893950132037,0.06108837817667228,0.0676028358416171,0.12183175817695177,0.06255451539697587,0.1255263583701239,0.05334525500062527,0.14767441435689804,0.08223548481498573,0.20598819411342703,0.11023399246872166,0.017056788864696363,0.04437027151277389,0.05027298219843461,0.06997376558361805,0.12933721492428832,0.11366179865357032,0.1542806918534746,0.03728768127958331,0.07410443770739467
image_06428.jpg,0.3183098861837897,0.058796577180612694,0.09937652993227965,0.12323650765143135,0.05642589331193865,0.09285684853907332,0.15842784914462835,0.09922923761783572,0.10585639375019949,0.0728845746467048,0.11653081716096396,0.0695663651166328,0.039089291726177415,0.10440390083683601,0.08386033303754523,0.11427428528225586,0.13691546910540497,0.13907398853745348,0.0762581041273732,0.28087818120696245,0.042460160985569144,0.1544921149277546,0.05232294274389956,0.015554036127941881,0.0756366351456549
image_05112.jpg,0.318309886183791,0.3825392353370183,0.026132365095224614,0.2639650917898131,0.263792730246722,0.14104364639579187,0.3118742512262797,0.2982285092949508,0.10612109051008466,0.09730052315506284,0.1703543874142144,0.05479452835913301,0.1391601958798468,0.16201571208727375,0.07117060151465943,0.03892527699884543,0.1880158349718001,0.21376013945146177,0.013254423022399769,0.08706908573090971,0.1235112158204293,0.04000261868393542,0.1632150588672394,0.0781535070947397,0.09272912366457937
image_03162.jpg,0.3183098861837909,0.2831792881726707,0.21473485524169245,0.25327158416163126,0.07117018125713613,0.18012482916098427,0.11002570030334664,0.08627744154698279,0.1360308102462445,0.06108530276357654,0.043183342480132066,0.04518541457610393,0.06920132786453129,0.05318213695844414,0.1848871112912366,0.3331730678446143,0.11960809343241234,0.19522576481619047,0.12553081818428632,0.2328352059007839,0.1507821316590027,0.22500209339191943,0.2754409406403636,0.1147284592544917,0.14185054433980804
image_03143.jpg,0.31830988618379047,0.26608851657056015,0.29980897382588667,0.14471275589878632,0.26337218269269735,0.059927061778362774,0.23150720715512693,0.16104489852657114,0.17533424061104266,0.16355698680355135,0.14735939567330514,0.26231512725095135,0.3316711759139894,0.05527863508098496,0.2525871092091996,0.27797060225150527,0.21306513781662414,0.08405281420596887,0.3335505022597858,0.2243186344544664,0.33082887554970336,0.13689975871104867,0.1641358510893813,0.3231673484820692,0.12126608445597606
image_07169.jpg,0.3183098861837921,0.19830708238967204,0.14007354931291938,0.08191531764681616,0.061417238727250814,0.07822477406393638,0.06547497261209478,0.07050929243241094,0.049805317098034985,0.05933194637228004,0.10640381969857694,0.0728857354738421,0.03128583584137477,0.06951385214296227,0.06315001485380368,0.05439379145633855,0.16919587680320192,0.12144304887032348,0.09053713009697341,0.035614594325993856,0.14776188355451547,0.053877208036870794,0.14332243470030331,0.09074387448077358,0.11782149840618104
image_07167.jpg,0.3183098861837921,0.07651538509046805,0.018868712440065848,0.01711666102616814,0.08981664765133353,0.08888636648912908,0.02000784148319797,0.07383862138161168,0.08090709388915063,0.027914410427769317,0.0602252797273983,0.08119789417501747,0.005920989777627613,0.116848435673495,0.14428237072283318,0.035444387717825515,0.11106461011413915,0.03443491449901393,0.02887136579050231,0.06088140429676639,0.015456176326595196,0.026960555958885576,0.10564891606183884,0.0502810645547246,0.10764544199368402
image_06629.jpg,0.3183098861837907,0.599636417787216,0.748482941593439,0.8450759761004418,0.8193895449096771,1.0558748266813363,0.713698648870269,0.8274488347889865,1.2334092981783291,0.5600063591900695,0.7862688368557236,1.379165019129472,0.2955280800615568,0.3836134842771574,0.7080057511518166,1.4947176366966861,0.061575191153492005,0.20394101542304413,0.6034013920216851,1.5817167499167264,0.16552321181542837,0.12700224596699325,0.03815605024773342,0.4818543787299217,1.64187431428496
image_07225.jpg,0.0,0.0,0.0,0.0,0.0,0.0,0.0,0.0,0.0,0.0,0.0,0.0,0.0,0.0,0.0,0.0,0.0,0.0,0.0,0.0,0.0,0.0,0.0,0.0,0.0
image_06766.jpg,0.3183098861837902,0.12879244470545806,0.24696431152263928,0.10427716159284017,0.062071505829833534,0.0942487431099181,0.014266385203714331,0.04629470544419085,0.15567306433411,0.15726318054828492,0.0340792943601815,0.10882255311897363,0.22254109907752476,0.1980642062584325,0.20045163430019014,0.1778951325736721,0.3295050796475993,0.14043135351220262,0.1872979761894365,0.2631266413117307,0.19917834182528907,0.20948638970871336,0.24156338036968023,0.1895330649136871,0.061690027647846216
image_03325.jpg,0.31830988618379047,0.2313660354182358,0.08738182488537712,0.09685568270037717,0.04626992861234069,0.03296237384732793,0.012496584908134193,0.1591991801949477,0.056373423333636534,0.08301151229408774,0.03670220624022597,0.008352677128620794,0.10233018068060844,0.14468891212616647,0.18137643571463907,0.014272980157179394,0.02376595430112801,0.09494012599287666,0.1209751599715731,0.11896723484706387,0.15519551048985025,0.11295768362560663,0.11053174495233217,0.012909991282661112,0.13682787602097315
image_07190.jpg,0.3183098861837878,0.04354142879785741,0.045056841534496385,0.04801271353426864,0.08602831097967821,0.04699889770002177,0.024974434526087802,0.0445069212327607,0.05123115292348238,0.12059760431559897,0.12493051227129176,0.06888092174608003,0.04306593586826048,0.021516417821896165,0.05222046684358559,0.05106999703538668,0.06247654791213058,0.04766143370611884,0.051160296101627555,0.07962076337877196,0.18438471740708415,0.03308859751155271,0.05240277047909504,0.012748408374149811,0.03847227533172931
image_03318.jpg,0.31830988618379014,0.24082978536956204,0.062590798600231,0.16625332996850417,0.09158886939012102,0.24205410176126865,0.09587958517822974,0.2763772688706095,0.16193184311167955,0.21560701881913208,0.28484572342925457,0.1175624006557951,0.30769391565627496,0.1624759375183404,0.13354114144420567,0.08887598654361858,0.07040626031848048,0.06606366425206205,0.21065235333019852,0.17078559280058814,0.3007552506541554,0.19017372036590593,0.07158532262522337,0.05273489684493177,0.06777711342270466
image_05092.jpg,0.3183098861837913,0.21474562477933865,0.06135411216017154,0.25867684379415345,0.12215759656388013,0.11876283504651615,0.24906060685375384,0.04406289130473826,0.18056249419859277,0.10130061471853594,0.05675944521922054,0.44371089270788344,0.3175329968118504,0.08404641237709896,0.10673295694209779,0.31333728486781426,0.16687032349848366,0.06175551057621416,0.3029481045134749,0.40977904590925845,0.38804083460669353,0.15880970649511503,0.15248434644204026,0.20353298304463516,0.018444342405052914
image_06406.jpg,0.3183098861837891,0.1768201162327097,0.1806396264585095,0.13848696946230313,0.19828021884257277,0.1601623621412793,0.05755152856733117,0.054190403097771345,0.01867730924205425,0.10534829993732035,0.04914938439410211,0.05312956798260527,0.05996229790715332,0.08996970585134641,0.06227308614280714,0.128162254682902,0.18062734023834762,0.12109397136012769,0.10424027546121667,0.13982079529946229,0.18672697072616612,0.13435811393166197,0.10242807635250196,0.10416062159836206,0.06769467860314982
image_06737.jpg,0.31830988618378886,0.13636714939771036,0.15374760942314195,0.09603905560061483,0.10081679845041387,0.04132009759091582,0.003047780869062969,0.04157003997075743,0.11881869639198023,0.019759753463417885,0.021527104263505483,0.06676985056741366,0.050279911983808524,0.04521143323520135,0.03512674266200987,0.05669343928055257,0.15059986033301662,0.06967939969176701,0.08149882369895664,0.06147075993478534,0.05192873904473666,0.05814257483882447,0.05711325780005128,0.1644076759539849,0.0503459157908739
image_03142.jpg,0.0,0.0,0.0,0.0,0.0,0.0,0.0,0.0,0.0,0.0,0.0,0.0,0.0,0.0,0.0,0.0,0.0,0.0,0.0,0.0,0.0,0.0,0.0,0.0,0.0
image_03321.jpg,0.3183098861837914,0.27733625912905124,0.12454879935833157,0.056843648692206594,0.13150917494527345,0.14740659512648618,0.00879411624286431,0.12372582353799887,0.2083618756443058,0.11981451594453076,0.05730730386117597,0.15474279069877883,0.10027692463204596,0.1351509738881349,0.05238109911324448,0.21220573912615048,0.06430257548395825,0.04937176586913777,0.1379469195662206,0.15090324348075382,0.2908444539326227,0.176510483659664,0.06876910751250397,0.22271464481446843,0.026322510894662445
image_07168.jpg,0.31830988618379014,0.24662119981484867,0.30419286254848965,0.3399141206266116,0.22589739269859602,0.2070418498666488,0.16315632819390866,0.19448049785072796,0.11145309025170132,0.11074408061846068,0.18799105024928836,0.07489346498550375,0.015915260789203994,0.1234831970129504,0.29958679364451296,0.0518922543203093,0.11015291563182124,0.1699735947637938,0.07690852851847267,0.20223204509119908,0.24335903116922233,0.17409867604011497,0.09477478999538032,0.33430173787057677,0.16726187870891024
image_05167.jpg,0.0,0.0,0.0,0.0,0.0,0.0,0.0,0.0,0.0,0.0,0.0,0.0,0.0,0.0,0.0,0.0,0.0,0.0,0.0,0.0,0.0,0.0,0.0,0.0,0.0
image_07223.jpg,0.0,0.0,0.0,0.0,0.0,0.0,0.0,0.0,0.0,0.0,0.0,0.0,0.0,0.0,0.0,0.0,0.0,0.0,0.0,0.0,0.0,0.0,0.0,0.0,0.0
image_06757.jpg,0.31830988618378997,0.1491437811379563,0.1269283194282993,0.07272008367957832,0.060420089575813664,0.13251806940030336,0.15960563142217307,0.14163098874406152,0.13429830901873285,0.23103370796680311,0.0820291841386515,0.05160590278793816,0.07330324728357863,0.05589230311143709,0.08601639950674597,0.1352426513834368,0.19971468751789706,0.0699388317600518,0.09846479395173689,0.1329908415330619,0.08072198293421315,0.11522211082572326,0.14650834969860874,0.12485456392962405,0.1038550775518184
image_07110.jpg,0.3183098861837915,0.012217767834704745,0.017273862489434254,0.038551815858916996,0.04397397118905532,0.06782285202885963,0.07048694436261532,0.047099831057843405,0.018761666179390242,0.057089015243390995,0.025093850778822098,0.0327026907349289,0.012286333407691995,0.02055984119628222,0.005595065315568831,0.062072538244643115,0.032462995650013385,0.02075580232665578,0.03265071709621398,0.009875991773870087,0.02377452283853831,0.020357768884756114,0.027792888756952024,0.05944408168137327,0.03507760141633907
image_05095.jpg,0.31830988618379036,0.04943095601599772,0.04190680199520575,0.038494106103285616,0.054579699202526304,0.0675908117945866,0.005871521663071623,0.02470875934864149,0.02865784468731439,0.044695224217821225,0.03946889466387294,0.04352363150318987,0.07226424174240595,0.035735748402314395,0.06165291161933838,0.020583235417794818,0.015652546849567205,0.04439162688428644,0.0622785523165893,0.09474336643066869,0.006672347918373266,0.059280004400461196,0.009948389569407355,0.07030090054822478,0.03492423263122126
image_06635.jpg,0.31830988618379075,0.49002695697554804,0.22601528974285634,0.5777916674820404,0.05713689354184775,0.6199436406317662,0.23573822025211566,0.23905347804364843,0.6386272744637845,0.18379780093840714,0.3533889185382688,0.6454712681976561,0.07974220053988818,0.10419131513866181,0.4050950562018895,0.6458079982061927,0.2629161272040997,0.25669067907572185,0.41719093601510626,0.6416771818027122,0.22208486693993215,0.29303970804783463,0.419409256130691,0.41250850277634166,0.6337211405135065
image_03312.jpg,0.31830988618378997,0.16569490143685167,0.19870956576022125,0.08420335800096201,0.1912501697598015,0.23293588741898796,0.13751493160364053,0.12543167780009043,0.09480565966761838,0.24061909199209047,0.07505269149484796,0.06538303694744045,0.008737677630169463,0.1337722443362041,0.11503687039450675,0.13827431098832488,0.07772346119816376,0.05963276590923144,0.21289712578432815,0.10298086448291073,0.051190501635574,0.0911965144372762,0.13105112952762143,0.019655676449295615,0.07671151995863894
image_03315.jpg,0.3183098861837918,0.03166931517886406,0.0540990422581778,0.05317061747650477,0.05767950441468383,0.05824709956366278,0.00837908942485612,0.04276468946688763,0.047388578718265045,0.08594040271043682,0.017752427033196943,0.13600532803588491,0.055041826784069006,0.04922776391431707,0.06937060387813784,0.013858361775088054,0.05010794996778658,0.06052916625746728,0.023757925095970068,0.08710365720630332,0.019898928542290428,0.04226678717651758,0.08436934174774036,0.029940121856351046,0.06418488894734098
image_07113.jpg,0.3183098861837893,0.0736897773941135,0.07670091242785992,0.040147187651367225,0.07472922189291648,0.009473496212387158,0.017024033542569438,0.00888005342780618,0.09085521805830729,0.0037110323904674786,0.0625741277051939,0.03248256456523015,0.05417851229609419,0.05678417411880252,0.07636489121181661,0.0813450558877219,0.022003658317049334,0.13374826965983372,0.01469631124710857,0.058537288580263164,0.10310170512893661,0.12024527459235566,0.04668803864583663,0.06402574593940026,0.08149094961335697
image_07202.jpg,0.3183098861837905,0.35070286579716703,0.15354412709574972,0.06221978858659002,0.21720143601392677,0.3157273789618968,0.3492036185404877,0.41413965649182577,0.2966355854453238,0.22308637360180789,0.23688910971840288,0.0758866192633721,0.08936516875500236,0.1394133461166567,0.18961599799157475,0.35727567686656103,0.3370202319022847,0.41973083966778957,0.3215733334363745,0.26199665797364097,0.25362527773250815,0.33038680915175705,0.3618880580928503,0.11471880455326466,0.11745344559304942
image_06630.jpg,0.3183098861837907,0.5768588240310463,0.6196897777495441,0.7838754934552398,0.5573637192849084,0.9466484698135718,0.25980701971419745,0.42407106277981743,1.0716371766286854,0.05615025587186119,0.25191061844165114,1.1645647290866072,0.4169927290082465,0.340046194072464,0.11991566294496728,1.2304967665433821,0.6593914909403812,0.5799152361538807,0.24501229881972691,1.2739092794675297,0.7681239304707411,0.7810065361962066,0.7616387282173102,0.4524793037144639,1.2987476239636342
image_03316.jpg,0.3183098861837893,0.1811253920998259,0.0016756182967649599,0.055661912295813507,0.08517273281960291,0.10595259898167259,0.0428323306395443,0.05360305474439646,0.06995362556060414,0.028513015174688593,0.06357190696123852,0.07980844804893568,0.05604704209758776,0.05173366552248878,0.05708243223658314,0.019705995156134287,0.03392709125164108,0.03629521534530982,0.04865615304353897,0.034630389114266955,0.06385661567761272,0.05024511926010164,0.0681867499819549,0.06871566574787462,0.11045251246159392
image_06404.jpg,0.3183098861837909,0.09590651019981683,0.0033043700248570557,0.10480630847512482,0.05402528079507641,0.09586634215485063,0.13178512671418915,0.1631293128998003,0.08022229247777181,0.06905098785340835,0.0315007972899851,0.15431862557150897,0.1946276607313956,0.17148946179691638,0.13607870186007073,0.04829730615125931,0.04498188422617286,0.14138132465794676,0.02412640860841621,0.17607149435863806,0.00816468256544062,0.0795481506333772,0.11892127756821869,0.07479838921919536,0.05107985573514494
image_06427.jpg,0.3183098861837907,0.5903253894111425,0.7164276836510184,0.8086185757209692,0.7463355457478633,0.9690573068154926,0.587453184692577,0.6992638535695402,1.0710952278253882,0.37730757147097144,0.6023337720772726,1.1177247837567181,0.051710286868498566,0.20637184945700762,0.49581386832666285,1.1151979788837936,0.2448803237858421,0.28368644967251794,0.4394486155520806,1.0726130235822853,0.47674138629430535,0.4774745083909641,0.4816436682887256,0.482069253348523,1.0014468623134727
image_06735.jpg,0.3183098861837907,0.16565501807521357,0.015589347400918632,0.04869306003625097,0.17333050755096904,0.11135395274958756,0.26943668862712994,0.23357908316852338,0.0661228338497065,0.345332346523649,0.07965166062245825,0.11059696984657355,0.0657721213061177,0.1435004440954876,0.09803272587592128,0.1297703566929551,0.026786634840126507,0.05194183372260479,0.15444711139836725,0.07519855742130968,0.09170269120495829,0.0469966431919274,0.07623360151568963,0.09313005466958471,0.08163738224010264
image_07171.jpg,0.3183098861837893,0.07365442205710108,0.05424205202892845,0.04613913074229351,0.06750228060438247,0.11769553569593631,0.055929936208331005,0.040783578851999604,0.014461784353479529,0.11589900035338026,0.11606169549079283,0.1294930891940445,0.013651357006664167,0.04622255697522805,0.12157763605485011,0.07376594941427737,0.015517914118857971,0.029731797582469577,0.019436012876924726,0.08960058580077519,0.1238545898933959,0.08760472139993737,0.0756274668008214,0.04025417041068973,0.04548002430377498
image_03322.jpg,0.31830988618379097,0.09717350581120075,0.3109394558411059,0.3055283764724956,0.3081083384347106,0.26441247975343246,0.19077482337967216,0.2213573135921401,0.25214181027615445,0.13824800307252538,0.14352447069875388,0.2210754869316791,0.15650974307393176,0.0977978283095632,0.03881931874238193,0.10051198824684697,0.4620228963013829,0.39444298353995944,0.26069117264173214,0.14095814089752678,0.06039325925870423,0.11222254484896788,0.20634741135491755,0.17612025791462624,0.2882502250596826
image_03138.jpg,0.3183098861837913,0.04232044346535524,0.03137398587020926,0.14929710747055985,0.13574859283303367,0.04925873460716291,0.04820098712434441,0.1275641891976188,0.13634459344752872,0.26066157757910674,0.17882393855000556,0.058787199456315935,0.17086960885591596,0.12294148004119405,0.0533110550307189,0.10874225136967158,0.0652692491167652,0.0646585251295339,0.07974943651147447,0.06969769029290993,0.12953449799784172,0.17360151875093047,0.1710699670391617,0.10696109482076135,0.009923438739023863
image_07189.jpg,0.31830988618379147,0.035243098311176044,0.09849569662092778,0.09406199156308792,0.0103613724283842,0.03890403392077334,0.047204789635627874,0.0312338560419986,0.03728792372523537,0.013843996566343513,0.0029004093573172397,0.05067826826589813,0.07139267187243453,0.03968608400997597,0.0553978482275038,0.08687364967255552,0.023046469251034714,0.053094282716139335,0.08545202664438283,0.10027101382611944,0.039567736316842655,0.05725154656894558,0.017052815831540603,0.026241753942421345,0.04970311858268748
image_07170.jpg,0.3183098861837914,0.17202150827401907,0.0946722652377874,0.09920454682802013,0.06128485407694787,0.05093557025770944,0.09575895037540956,0.1513692941053773,0.12127978578272766,0.08060046664976316,0.1754525806212555,0.10682578822039948,0.17954421385204916,0.07921848743623564,0.007745591497331357,0.1450140046512069,0.14454832070677792,0.13677260792753487,0.0844488929084775,0.01461989860744938,0.018994712788741895,0.17604785481338692,0.20301048140254183,0.13660615962564968,0.10248483875160888
image_05170.jpg,0.0,0.0,0.0,0.0,0.0,0.0,0.0,0.0,0.0,0.0,0.0,0.0,0.0,0.0,0.0,0.0,0.0,0.0,0.0,0.0,0.0,0.0,0.0,0.0,0.0
image_07087.jpg,0.3183098861837905,0.2940029834731161,0.25134223865207966,0.1983683791711469,0.3779031883219769,0.23558060011548343,0.055987542915322396,0.09397736762747133,0.2655753715003507,0.4285337981536521,0.27756663995388203,0.24727682304996934,0.06288284801915651,0.5846685167259751,0.44275481030567954,0.21966592805374932,0.28118455702797235,0.4833681190835933,0.39897064922736275,0.20484604342454693,0.14969397248547178,0.6616249281534334,0.4626050258693062,0.3147313964500044,0.1982095660737591
image_05171.jpg,0.0,0.0,0.0,0.0,0.0,0.0,0.0,0.0,0.0,0.0,0.0,0.0,0.0,0.0,0.0,0.0,0.0,0.0,0.0,0.0,0.0,0.0,0.0,0.0,0.0
image_06637.jpg,0.3183098861837915,0.007822286944181122,0.04223566121661263,0.25354754908474514,0.10044049859760211,0.05379602422013979,0.17289361024901354,0.1646682136683309,0.09830897025546294,0.14381387190259498,0.14215005866347993,0.10377200098282971,0.072319171755199,0.11373401775513861,0.0629333893193994,0.15793732947414957,0.046365699307600254,0.03397697147727544,0.08788318994653635,0.07225963181705745,0.14433938938856344,0.18520371837977825,0.21503072012410404,0.16593527833399505,0.06979864749249265
image_03160.jpg,0.3183098861837902,0.2446864859437739,0.017447180988645124,0.1521443309077676,0.12305330318238812,0.12414935610851552,0.08314076420397956,0.2243662860522311,0.22568848365557506,0.09920500845769792,0.17747444823348485,0.12456142810019205,0.1869659459321316,0.18490094578592087,0.20308065979722842,0.15487421967220144,0.4039706332492337,0.1913938502900747,0.16554258578631556,0.23898588547441896,0.227510915669871,0.2935721993004751,0.2440046569400139,0.3998981688853877,0.16449225253706481
image_07221.jpg,0.3183098861837913,0.2801202208793434,0.0874770510236154,0.18633361354123817,0.1277441675643017,0.2808517247274797,0.14220485098432706,0.09421111119694679,0.19349357882437712,0.19704844633652535,0.2610370055029996,0.04588266768079607,0.16378974472800983,0.09797701847474548,0.20091241505332663,0.21952060168712428,0.409395007265912,0.19125472943820965,0.03237042537068594,0.18981544312563195,0.2809710250660752,0.20134650637475274,0.11184837193382349,0.1466871955343367,0.12498353099226604
image_06734.jpg,0.31830988618378986,0.026896974150188626,0.10176647961538413,0.18104524855180235,0.07879107508173634,0.0752935323200308,0.020442413373807967,0.07140763351925933,0.03695651305732602,0.20787051439590418,0.2336743805776276,0.1751818787190181,0.024201457465072355,0.0318299178857496,0.20093239403924174,0.1333239129293826,0.26855943767186685,0.2848214817726154,0.2625183910303282,0.23991078617725167,0.05274768701338546,0.04041064742497183,0.09541926296210511,0.1806159678536713,0.11084475201831961
image_06761.jpg,0.31830988618379075,0.6133193529600559,0.8465571880667124,0.872093854002863,1.0187142658972963,1.0837463831976708,1.0861704260758187,1.1257053115787188,1.2398898008332118,1.0785370939922585,1.1678530245578544,1.334969412428358,0.9543552157014445,1.0063048634000689,1.1501283488215253,1.3664710927161923,0.7734819187556441,0.8879745827831536,1.0824664377807527,1.335013347763208,0.49470173303037307,0.572232837696211,0.7539654182131567,0.9803969678382031,1.2443553680052422
image_03163.jpg,0.3183098861837904,0.05011575018185928,0.276956326505889,0.3229118137383112,0.06450186292754422,0.10585156456194456,0.08888481557626647,0.40465521813934263,0.27537490964797,0.11155147424968744,0.14210176365967592,0.1337632899229414,0.12323495934194324,0.30232721904088333,0.36041085190481426,0.22905147983674654,0.06403920398688429,0.091670950959506,0.20674651399162558,0.14952416582795536,0.14302158082255417,0.24106967446709127,0.3263049976658353,0.28779858436235817,0.18837414860500643
image_03144.jpg,0.0,0.0,0.0,0.0,0.0,0.0,0.0,0.0,0.0,0.0,0.0,0.0,0.0,0.0,0.0,0.0,0.0,0.0,0.0,0.0,0.0,0.0,0.0,0.0,0.0
image_07200.jpg,0.0,0.0,0.0,0.0,0.0,0.0,0.0,0.0,0.0,0.0,0.0,0.0,0.0,0.0,0.0,0.0,0.0,0.0,0.0,0.0,0.0,0.0,0.0,0.0,0.0
image_06762.jpg,0.3183098861837909,0.25746013455399563,0.05573715256787484,0.36336005102635216,0.1825911263077698,0.3040382322566456,0.019014629885022186,0.28044375487077644,0.21380366930195271,0.21463549833569842,0.1907956576739911,0.12433216107919225,0.28304349463861866,0.32479917783885637,0.18043792644008527,0.058050891762820904,0.08441092247220906,0.29011987469630224,0.19675829837665984,0.13609296896695838,0.37093066001446845,0.2402059851788418,0.14361306961952716,0.15428666219499199,0.2216863799378062
image_06425.jpg,0.31830988618379114,0.2669434191515133,0.034767722539213314,0.16521296107873995,0.2819370164237866,0.21522424346538022,0.42060677487705567,0.3158946715738163,0.3630803761980618,0.1200613915899124,0.15850137129679237,0.33391857844771944,0.4691132476187242,0.1361046596562244,0.13640561156541023,0.16433422865279193,0.23818988180418055,0.3010519527437227,0.18629565798181003,0.03398347564010474,0.20172586302956716,0.04824710854715296,0.14495032919600698,0.20440472512887373,0.06562067027700623
image_05177.jpg,0.31830988618378986,0.22700499701391472,0.10452325472243407,0.11659158517382616,0.06204904297782874,0.04280683398169594,0.2592437861831449,0.09924932118455285,0.05953820605194289,0.09493007157424443,0.13140079915840025,0.07143208895743676,0.0398797277141661,0.04375299527043121,0.14309594890459948,0.0612442644622425,0.09850377230451465,0.06679873937330207,0.04711840730105476,0.13410310643268242,0.291093099910714,0.18867784236889226,0.046892304475219575,0.07612428208024678,0.06257900246005993
image_07203.jpg,0.3183098861837906,0.39565845619955176,0.10911822444786376,0.3980556766465853,0.34640246313120643,0.3887696268610807,0.09830457971825406,0.409115354771849,0.3825105242567837,0.22419804779959912,0.4002697444402278,0.3774179306206457,0.25173724462606767,0.3916209376370806,0.38528102839635076,0.3703419306680958,0.056842300017576244,0.4229810393514969,0.3858218110028207,0.36010482889747786,0.3927532738404174,0.32942513527961476,0.3895535273502666,0.39743682420189785,0.3467443512655192
image_06738.jpg,0.3183098861837909,0.028376860371475306,0.01450868426492267,0.0253142117969261,0.08065470585773621,0.1229653358934327,0.024915892506582715,0.01857354806330473,0.028150350691106128,0.03636822036338907,0.08486131274184626,0.08731937320350731,0.08625696853923005,0.06792924908133241,0.11025148928196189,0.08064721006135195,0.3334651070661502,0.2953543361057177,0.3079977339988979,0.26683985547973527,0.012059933752937567,0.03260233632281085,0.03308020987133214,0.015457551265740322,0.035805588968607985
image_03323.jpg,0.3183098861837886,0.027020226065653907,0.008881251937351498,0.09561733803727648,0.0850628964892402,0.04457103154396638,0.001346050230708777,0.04938643504499747,0.1215626877053001,0.070872899896423,0.04014376588491384,0.14278851277031532,0.07041741366874867,0.060340914855319006,0.07773219884904517,0.02086951121649349,0.02921960849938005,0.06463673920512718,0.10296471094087163,0.0804793107631852,0.10666034333871588,0.06432047003205064,0.043330594158847345,0.08075656425665902,0.017758785984595668
image_05176.jpg,0.31830988618379047,0.3816031309931943,0.05176615625070986,0.2911683950970034,0.09211652625214095,0.17372267782471731,0.11090134924745904,0.041690651161413725,0.09230952951379649,0.05098644775316759,0.19458035557273665,0.039924939331139636,0.030542594028193582,0.07687365683515923,0.3007594217993527,0.023749246690896966,0.21878812549128587,0.21132651232363028,0.2709786617609941,0.04942432731262529,0.038888984655760975,0.21112546387821385,0.31186622545704146,0.15162057243317545,0.07481293260505695
image_07222.jpg,0.0,0.0,0.0,0.0,0.0,0.0,0.0,0.0,0.0,0.0,0.0,0.0,0.0,0.0,0.0,0.0,0.0,0.0,0.0,0.0,0.0,0.0,0.0,0.0,0.0
image_05111.jpg,0.31830988618378925,0.06489206524320616,0.0031495814128678344,0.051365318927318215,0.07355339946915937,0.03277312331216022,0.0186486314941736,0.0530084871994187,0.043937992994534804,0.02323308635279906,0.026375057968997983,0.0266215299674006,0.0017983180208003542,0.04000352784518077,0.01933870887082416,0.04503559813876642,0.03198535820271142,0.04610994293418994,0.07612031987468147,0.01763607719225456,0.12623322122318367,0.033648637258155735,0.035641794988127064,0.011996058963882913,0.036949445254686124
image_07201.jpg,0.3183098861837903,0.2330395746761502,0.20833413203618917,0.066768170717529,0.2228336801974755,0.10029928745607966,0.0406640066460622,0.10042110006338618,0.040627407102263334,0.058434288024863654,0.1055287936766059,0.16030059601214908,0.0011240326831936194,0.09794239174193156,0.3508289241768839,0.18119837510638112,0.01491587738551065,0.2364796090320742,0.08504650710401096,0.20890358017903407,0.0575927476423728,0.18568696600881512,0.1889366126450876,0.11188241583711765,0.055467604950540594
image_03140.jpg,0.3183098861837914,0.14166670925246388,0.11381520297514436,0.12633347104148554,0.13953362969307673,0.022955814359609687,0.2632491244792554,0.03592865346868359,0.10444977600876962,0.0857639857990939,0.042807816697900014,0.015668722599241153,0.11750064703310956,0.1291898990231545,0.11473539917995712,0.05106206744020678,0.07842316030022166,0.08467230443275565,0.019762517927779426,0.044545471661321424,0.04144055115545325,0.033376470779269904,0.05187510875581467,0.16815946585169558,0.08606094838522893
image_07188.jpg,0.3183098861837897,0.09028183239654188,0.033880391570795046,0.06814341653590592,0.058192551094479725,0.04582008176747008,0.028049512774000165,0.11208659660007302,0.09170074713289365,0.1051524205847331,0.03298170133276337,0.024222469746701336,0.005523759101259835,0.023895046122429146,0.07677869100353361,0.0696104682024573,0.12296529455254446,0.09974528542352645,0.04705079342340616,0.007888855879361337,0.010268030934922592,0.06278103680486712,0.022149712876103515,0.07570084469990013,0.03733604300683648
image_06759.jpg,0.3183098861837903,0.13031506143450966,0.20017646424239266,0.3116145328668329,0.06185771978675932,0.07822662922964965,0.27770839058049857,0.03479646880085608,0.08078345183559364,0.10518612191480271,0.06875207756351681,0.18530193621028218,0.03889513458473555,0.0853925477533137,0.10571611721072278,0.08231049787509796,0.06196054994530974,0.08134361828719913,0.1341127094003351,0.16417199873843566,0.19023918234709045,0.05182045800186108,0.11076729246426664,0.17665072247305236,0.0601612782228506
image_07204.jpg,0.31830988618378975,0.1636040013306581,0.17627067840997065,0.10360500640862122,0.1139894872223944,0.10763511331479822,0.4137979242457931,0.09390795168459695,0.09285349697636615,0.09321367523310996,0.14366045453998016,0.12326236752176101,0.3063655711933081,0.13589367274577058,0.07942615737599248,0.33759302060913776,0.11329274474516719,0.13050630253972326,0.17267000308718555,0.2900070314649817,0.1843571938203247,0.21023360349391856,0.12357469336562031,0.19498972013292973,0.02697921706419444
image_07088.jpg,0.3183098861837915,0.032051354747688325,0.0003272889487457686,0.01160393707436936,0.007644448875004128,0.0255016589895164,0.03913907845206807,0.016131436922225427,0.038101592087435146,0.038659278527268935,0.01770579576104379,0.011927961871591243,0.03891771882751497,0.06217939142258327,0.04035222216768781,0.04522017554194689,0.03109801697493107,0.013372349424563425,0.017231638201250322,0.05420890211153615,0.0028479067111599875,0.0066641473507958945,0.0333943761771076,0.02270015631582593,0.08246609641268109
image_05174.jpg,0.31830988618378786,0.037005968453802655,0.021693882433388316,0.021217234258692742,0.01995222065967741,0.02375537870916421,0.005717580879751669,0.05321399618031374,0.02256431184710366,0.04964734115742016,0.007736745625688254,0.04206271840882134,0.011304308485372049,0.008264492587746393,0.018431030802639962,0.029016091236161234,0.04023713053287087,0.04566975503325118,0.049400265358563566,0.03156248363122996,0.0918623226846865,0.05273581804812607,0.021558976152477084,0.017411135262368895,0.02645319291942997
image_06736.jpg,0.31830988618378986,0.02108454758905197,0.15773688048262308,0.19230083660284486,0.10012877939298917,0.0840979866698874,0.06943194869175143,0.13476821499803646,0.15660430818933901,0.11657326828451706,0.06421555415778703,0.15185326687933873,0.06793087837555649,0.11872060730059966,0.09787102308914253,0.26556960057553475,0.11776820363935978,0.0574407783015466,0.18195310405720994,0.11948649904507903,0.0638796635476592,0.19583482924610876,0.021433314948383023,0.19091963194854114,0.08570477572985094
image_05113.jpg,0.31830988618379025,0.11975616650036285,0.2552814152798856,0.12628221743038912,0.14393824272900044,0.16441870613050627,0.33466174882163646,0.16604015051526058,0.05245374169449442,0.11758537855184195,0.0828845771469696,0.09179111336750083,0.3280881590530237,0.3580117092508924,0.23279761471385058,0.055030823759517976,0.0672644270948573,0.14507603222386198,0.1880509674205131,0.11811249321947294,0.008400269955440298,0.1684502419835782,0.15922367827668096,0.15002319002311554,0.08736396668265657
image_07109.jpg,0.3183098861837922,0.05692185788521047,0.002049374558454839,0.06175867500046078,0.06198351710677616,0.09392435295620569,0.0106378169158955,0.13445331330599372,0.020149520234859258,0.026997228230433507,0.07013665292903117,0.0056849361962523805,0.028977541269436507,0.11581843853433332,0.09294552860380167,0.04381570641014725,0.09727486306343837,0.06175311114947063,0.0454358211321572,0.03103952140860832,0.02468035264199935,0.007487955489989633,0.012542255375389047,0.037296329903764365,0.17980645186290217
image_07089.jpg,0.3183098861837895,0.025895932656096295,0.017460267277485154,0.04935591930765721,0.01956667084436693,0.017446949425353492,0.0866709355731439,0.06291001624350895,0.007105612469366248,0.04165045175917848,0.0288045745791083,0.025214498017492776,0.003345767858088453,0.021983928583542655,0.059156510689654704,0.0344014389244765,0.04817729559012372,0.03560326539421637,0.025327091216130235,0.0224016306957632,0.04830394202350578,0.02114375781366318,0.1007506816300916,0.023702170458498525,0.09484137584096176
image_06426.jpg,0.0,0.0,0.0,0.0,0.0,0.0,0.0,0.0,0.0,0.0,0.0,0.0,0.0,0.0,0.0,0.0,0.0,0.0,0.0,0.0,0.0,0.0,0.0,0.0,0.0
image_03317.jpg,0.3183098861837949,0.028087081652342468,0.06575156575890377,0.026118976825470826,0.011535904168402248,0.02849840125897379,0.010509157183355402,0.020829597099950563,0.009148525239032961,0.018179440632546263,0.028162689987433855,0.03832607153032351,0.009995055831154565,0.03799531408037775,0.01876682808003721,0.02329090623560887,0.016220691815009895,0.017843044326840002,0.012140529044199357,0.014895181937509426,0.009577895814890184,0.02789590997184487,0.008272206735015322,0.018750415905417085,0.0030396636740073154
image_06636.jpg,0.3183098861837915,0.1593369828346066,0.11987409679883725,0.1310933206999366,0.05027616820834182,0.07712507360059732,0.0523427607726563,0.15442668873165924,0.01978177674493031,0.10330005458861555,0.0908620970576229,0.054412942717267605,0.022669792142849653,0.08553609773335039,0.11470254371381326,0.1389442252763297,0.13203120819038286,0.06938493490659565,0.040837850952604775,0.17219365565006978,0.041493742794304136,0.10667550198536963,0.16863862757222417,0.14891155835865283,0.062848493479583
image_06639.jpg,0.31830988618379064,0.571742933885761,0.6216215204378017,0.752464394043401,0.5454053572631975,0.8590392831803113,0.21890105226209366,0.38032312863194956,0.8954577224860493,0.15047236237186495,0.16817363607789917,0.8699454941076724,0.6249146062496187,0.49557107625527036,0.06791751736659062,0.7936886354150897,0.9696805606054713,0.7669541508622042,0.26092955851526684,0.6795895029824569,1.1986669904579643,1.1480552445403778,0.9353594450688785,0.41119577654457656,0.5411685299075181
image_06424.jpg,0.3183098861837896,0.11108473048616195,0.039190728123882586,0.028007561524679866,0.06132930345476675,0.09408217118748674,0.07527585130947133,0.052195521289372014,0.06331489388738631,0.0362030042039604,0.04348441666174528,0.08600354524258445,0.03531987892480632,0.03257759792455438,0.060904323453973876,0.13260177487038327,0.02495325572842431,0.016531407207431112,0.08840969662093442,0.05711143140463886,0.09676576532469772,0.07815602153331876,0.09565084417022167,0.032449230184477,0.052109821011721645
image_05093.jpg,0.31830988618378986,0.04569494946299254,0.09461183105970615,0.07808451576747702,0.1693846735383236,0.1415097218641959,0.061549737438707994,0.15074579152617687,0.09105263625272425,0.05597083966340314,0.0785097522709565,0.12404211145672282,0.042642994355953846,0.18143444321195812,0.08463260367782485,0.08962620456072984,0.11074607411909146,0.1467023299756991,0.20636953051081583,0.12871014919822765,0.1334053855544855,0.08493733093225826,0.18635697603882737,0.16833878796064133,0.16867681117723426
image_07111.jpg,0.3183098861837928,0.07530116366000145,0.12769821337816173,0.017856889811330132,0.03585160558941893,0.058954869559796966,0.031026618372192494,0.024014198658573637,0.02022561670866114,0.034657793900477914,0.03913246662773386,0.04003567603240622,0.030399656729182614,0.07063308378317654,0.04158304398544121,0.06399375683967941,0.026716398337646535,0.04831111927104185,0.0878389900732302,0.11910056293959644,0.13106299374992178,0.04618249554774108,0.08014067026200151,0.07873754544553396,0.02614038945316185
image_05091.jpg,0.3183098861837921,0.07402530031152584,0.14801770784400825,0.06694636065147296,0.009722883328972797,0.0838720337487429,0.05922428068676843,0.01814585528275758,0.027429787769322055,0.05776074859274595,0.024889564906724025,0.06369064943663913,0.01860328559881442,0.14739461646897856,0.04787566673518303,0.03508344269766311,0.04374977076211252,0.08034983656231372,0.04462818213723306,0.04246942787784176,0.04550870149204104,0.041264443249375955,0.06645339518311838,0.079253421930788,0.052266856756946395
image_05165.jpg,0.3183098861837912,0.07334612844050685,0.02694719968111012,0.041401564917977314,0.032513949970893366,0.046818818169797695,0.0992881287638646,0.037296028763551536,0.07596338781587654,0.055473954745898356,0.024327510811017857,0.054076759356465394,0.013713502126612393,0.0780903204381192,0.06354456719324066,0.0919127712937055,0.05370933953706232,0.06146710796655824,0.09099903825304378,0.04627465001441651,0.08722102818214904,0.015265827708988737,0.08660363516520782,0.08064515737067492,0.028900580233691495
image_07092.jpg,0.31830988618379047,0.02335880470069795,0.04164969272991321,0.06146913449230809,0.018287284777378256,0.1315018949845124,0.03148131277301318,0.019141806749520644,0.03811089223770338,0.04416575990175305,0.007856245793950098,0.028053945199437227,0.0856889274851209,0.03300122398422246,0.027578790082262647,0.03661305372840548,0.05720167112057497,0.06559627094876903,0.0845574002878858,0.030872729655133005,0.028669739694464715,0.09632618116846821,0.0669682150230348,0.05135918637079947,0.10538784276633745
image_05172.jpg,0.3183098861837912,0.11675517815826016,0.18993420440361367,0.09747948069953055,0.11478283117734267,0.05329992820401151,0.21137721147092148,0.10710066863913259,0.032683390484805126,0.19599100143214354,0.17983137430931032,0.06895220951114324,0.20284984839442363,0.035482051676845566,0.15408868468856637,0.1340404540619044,0.08201597948291386,0.05055886402943062,0.06686393202518873,0.08234343073294882,0.23982661766405663,0.04093468264812766,0.12128730886307604,0.20866968784479348,0.1951811789348929
